recording	participant	arm	stopbands	of_lines	peaks_above_2dB	worst_prom_db	worst_level_db	median_suppression_db	comb_db	correlation	change_rms	fir_rounds	delta_kept	theta_kept	alpha_kept	beta_kept	gamma_kept
sub-0000_task-thermalactive_run-2_eeg	sub-0000	notching	0	143	26	28.27	-1.0600000000000001	-31.93	0.12	0.99800999999999995	0.023949999999999999	3	1	1	1	0.96989999999999998	0.80120000000000002
sub-0000_task-thermalactive_run-2_eeg	sub-0000	notching_declared	0	143	30	34.350000000000001	-8.5700000000000003	-32.5	-7.04	0.98060999999999998	0.074529999999999999	2	0.67820000000000003	0.76070000000000004	0.746	0.69930000000000003	0.54259999999999997
sub-0000_task-thermalactive_run-2_eeg	sub-0000	fixed_lines_only	6	143	19	6.0199999999999996	-1.3	-9.9499999999999993	0.38	0.99807999999999997	0.02358	1	1	1	1	0.9405	0.96550000000000002
sub-0000_task-thermalactive_run-2_eeg	sub-0000	comb_subtracted	6	143	6	6.0300000000000002	-1.75	-9.5500000000000007	-0.10000000000000001	0.99787000000000003	0.024819999999999998	1	1	1	1	0.95820000000000005	0.97550000000000003
sub-0000_task-thermalactive_run-2_eeg	sub-0000	lines_declared	6	143	13	5.8300000000000001	-1.3	-9.9499999999999993	0.38	0.99814999999999998	0.023140000000000001	1	1	1	1	0.9405	0.96550000000000002
sub-0000_task-thermalactive_run-3_eeg	sub-0000	notching	0	151	28	27.699999999999999	-0.45000000000000001	-32.490000000000002	-0.17000000000000001	0.99846000000000001	0.016369999999999999	3	1	1	1	0.96989999999999998	0.79490000000000005
sub-0000_task-thermalactive_run-3_eeg	sub-0000	notching_declared	0	151	37	30.390000000000001	-7.2599999999999998	-33.310000000000002	-7	0.98141	0.05663	3	0.67820000000000003	0.76070000000000004	0.746	0.68240000000000001	0.5605
sub-0000_task-thermalactive_run-3_eeg	sub-0000	fixed_lines_only	4	151	16	6.3200000000000003	-0.45000000000000001	-10.880000000000001	0.29999999999999999	0.99861999999999995	0.01549	2	1	1	1	1	0.95999999999999996
sub-0000_task-thermalactive_run-3_eeg	sub-0000	comb_subtracted	4	151	4	3.4900000000000002	-1.01	-10.789999999999999	-0.28000000000000003	0.99836000000000003	0.016899999999999998	2	1	1	1	1	0.97550000000000003
sub-0000_task-thermalactive_run-3_eeg	sub-0000	lines_declared	4	151	15	6.3200000000000003	-0.45000000000000001	-10.880000000000001	0.29999999999999999	0.99863999999999997	0.01541	2	1	1	1	1	0.95999999999999996
sub-0000_task-thermalactive_run-1_eeg	sub-0000	notching	0	149	28	30.84	-0.12	-30.02	-0.10000000000000001	0.99719000000000002	0.045060000000000003	3	1	1	1	0.96989999999999998	0.75970000000000004
sub-0000_task-thermalactive_run-1_eeg	sub-0000	notching_declared	0	149	21	29.09	-7.29	-30.039999999999999	-6.9199999999999999	0.96631	0.15495999999999999	3	0.67820000000000003	0.76070000000000004	0.746	0.68240000000000001	0.62570000000000003
sub-0000_task-thermalactive_run-1_eeg	sub-0000	fixed_lines_only	5	149	22	4.8300000000000001	-0.12	-9.1400000000000006	0.31	0.99773999999999996	0.040419999999999998	2	1	1	1	0.96989999999999998	0.97430000000000005
sub-0000_task-thermalactive_run-1_eeg	sub-0000	comb_subtracted	5	149	9	4.8300000000000001	-0.88	-8.9700000000000006	-0.14999999999999999	0.99743000000000004	0.04308	1	1	1	1	0.97909999999999997	0.97719999999999996
sub-0000_task-thermalactive_run-1_eeg	sub-0000	lines_declared	5	149	14	4.7400000000000002	-0.12	-9.0700000000000003	0.31	0.99778999999999995	0.039910000000000001	2	1	1	1	0.96989999999999998	0.97430000000000005
sub-0000_task-thermalactive_run-4_eeg	sub-0000	notching	0	136	16	6.5300000000000002	-0.56000000000000005	-31.170000000000002	0.52000000000000002	0.99844999999999995	0.013440000000000001	3	1	1	1	0.94579999999999997	0.80559999999999998
sub-0000_task-thermalactive_run-4_eeg	sub-0000	notching_declared	0	136	30	29.050000000000001	-6.9299999999999997	-32.299999999999997	-6.7699999999999996	0.98609999999999998	0.040090000000000001	3	0.67820000000000003	0.76070000000000004	0.746	0.69350000000000001	0.57830000000000004
sub-0000_task-thermalactive_run-4_eeg	sub-0000	fixed_lines_only	6	136	20	27.59	-0.56000000000000005	-9.1500000000000004	0.45000000000000001	0.99855000000000005	0.01298	2	1	1	1	0.9758	0.87919999999999998
sub-0000_task-thermalactive_run-4_eeg	sub-0000	comb_subtracted	6	136	9	33.649999999999999	-0.83999999999999997	-9.1500000000000004	-0	0.99841999999999997	0.013559999999999999	2	1	1	1	0.9758	0.90990000000000004
sub-0000_task-thermalactive_run-4_eeg	sub-0000	lines_declared	6	136	24	18.050000000000001	-0.56000000000000005	-9.1500000000000004	0.089999999999999997	0.99853000000000003	0.01306	3	1	1	1	0.9758	0.87109999999999999
sub-0000_task-thermalactive_run-5_eeg	sub-0000	notching	0	139	40	31.050000000000001	-0.73999999999999999	-35.390000000000001	-0.29999999999999999	0.98729999999999996	0.032259999999999997	4	0.69350000000000001	0.6895	0.746	0.66930000000000001	0.49590000000000001
sub-0000_task-thermalactive_run-5_eeg	sub-0000	notching_declared	0	139	44	32.399999999999999	-7.5800000000000001	-33.539999999999999	-6.3200000000000003	0.98873	0.0304	3	0.67820000000000003	0.76070000000000004	0.746	0.68759999999999999	0.49519999999999997
sub-0000_task-thermalactive_run-5_eeg	sub-0000	fixed_lines_only	7	139	23	20.52	-0.72999999999999998	-9.8699999999999992	0.57999999999999996	0.99892999999999998	0.0093699999999999999	2	1	1	1	0.9405	0.96189999999999998
sub-0000_task-thermalactive_run-5_eeg	sub-0000	comb_subtracted	8	139	12	20.52	-1.3700000000000001	-9.7200000000000006	-0.070000000000000007	0.99882000000000004	0.0098700000000000003	2	1	1	1	0.96989999999999998	0.97019999999999995
sub-0000_task-thermalactive_run-5_eeg	sub-0000	lines_declared	7	139	12	6.75	-0.72999999999999998	-9.8699999999999992	0.54000000000000004	0.999	0.0090900000000000009	1	1	1	1	0.9405	0.96279999999999999
sub-0000_task-thermalactive_run-6_eeg	sub-0000	notching	0	148	13	19.449999999999999	-1.6599999999999999	-32.829999999999998	-0.40000000000000002	0.99911000000000005	0.0075799999999999999	5	1	1	1	0.96989999999999998	0.77729999999999999
sub-0000_task-thermalactive_run-6_eeg	sub-0000	notching_declared	0	148	29	31.75	-9.5399999999999991	-33.32	-7.0599999999999996	0.99151999999999996	0.02333	3	0.67820000000000003	0.76070000000000004	0.746	0.69930000000000003	0.55269999999999997
sub-0000_task-thermalactive_run-6_eeg	sub-0000	fixed_lines_only	7	148	14	6.1399999999999997	-1.6599999999999999	-9.8800000000000008	0.040000000000000001	0.99924999999999997	0.0069699999999999996	1	1	1	1	1	0.94730000000000003
sub-0000_task-thermalactive_run-6_eeg	sub-0000	comb_subtracted	4	148	3	2.1099999999999999	-2.2599999999999998	-9.5600000000000005	-0.27000000000000002	0.99916000000000005	0.0073499999999999998	1	1	1	1	1	0.96799999999999997
sub-0000_task-thermalactive_run-6_eeg	sub-0000	lines_declared	7	148	14	6.1399999999999997	-1.6599999999999999	-9.8800000000000008	0.040000000000000001	0.99924999999999997	0.0069699999999999996	1	1	1	1	1	0.94730000000000003
sub-0001_task-thermalactive_run-1_eeg	sub-0001	notching	0	160	38	37.939999999999998	8.9600000000000009	-31.219999999999999	-1.5700000000000001	0.93679999999999997	0.34961999999999999	3	0.63219999999999998	0.6895	0.746	0.66990000000000005	0.47089999999999999
sub-0001_task-thermalactive_run-1_eeg	sub-0001	notching_declared	0	160	40	29.530000000000001	8.9600000000000009	-29.719999999999999	-6.9199999999999999	0.94493000000000005	0.32705000000000001	2	0.67820000000000003	0.76070000000000004	0.746	0.70520000000000005	0.5484
sub-0001_task-thermalactive_run-1_eeg	sub-0001	fixed_lines_only	5	160	5	5.9100000000000001	8.9499999999999993	-7.3300000000000001	-0.26000000000000001	0.97645999999999999	0.21556	1	0.89270000000000005	1	1	0.98170000000000002	0.95899999999999996
sub-0001_task-thermalactive_run-1_eeg	sub-0001	comb_subtracted	5	160	1	5.9100000000000001	8.9499999999999993	-7.3300000000000001	-0.42999999999999999	0.97635000000000005	0.21606	1	0.89270000000000005	1	1	1	0.95899999999999996
sub-0001_task-thermalactive_run-1_eeg	sub-0001	lines_declared	5	160	7	5.9100000000000001	8.9499999999999993	-7.4299999999999997	-0.28000000000000003	0.97635000000000005	0.21603	1	0.89270000000000005	1	1	0.98170000000000002	0.91269999999999996
sub-0001_task-thermalactive_run-2_eeg	sub-0001	notching	0	137	13	34.979999999999997	1.6399999999999999	-29.129999999999999	-0.19	0.98990999999999996	0.14171	2	1	1	1	0.92159999999999997	0.77380000000000004
sub-0001_task-thermalactive_run-2_eeg	sub-0001	notching_declared	0	137	36	30.190000000000001	-6.8399999999999999	-29.629999999999999	-7.2000000000000002	0.96001999999999998	0.27988000000000002	2	0.67820000000000003	0.76070000000000004	0.746	0.70520000000000005	0.59609999999999996
sub-0001_task-thermalactive_run-2_eeg	sub-0001	fixed_lines_only	3	137	6	3.8100000000000001	1.6399999999999999	-6.4299999999999997	0.050000000000000003	0.9909	0.13455	1	1	1	1	0.98170000000000002	0.97929999999999995
sub-0001_task-thermalactive_run-2_eeg	sub-0001	comb_subtracted	1	137	1	2.6299999999999999	0.10000000000000001	-6.2000000000000002	-0.14999999999999999	0.99082000000000003	0.13514000000000001	0	1	1	1	1	0.99380000000000002
sub-0001_task-thermalactive_run-2_eeg	sub-0001	lines_declared	3	137	6	3.8100000000000001	1.6399999999999999	-6.4299999999999997	0.050000000000000003	0.9909	0.13455	1	1	1	1	0.98170000000000002	0.97929999999999995
sub-0001_task-thermalactive_run-3_eeg	sub-0001	notching	0	159	21	36.200000000000003	-0.63	-29.739999999999998	-0.27000000000000002	0.97258	0.23241000000000001	3	1	1	1	0.93989999999999996	0.72609999999999997
sub-0001_task-thermalactive_run-3_eeg	sub-0001	notching_declared	0	159	32	31.190000000000001	-7.1699999999999999	-30.059999999999999	-7.1500000000000004	0.95145000000000002	0.30762	2	0.67820000000000003	0.76070000000000004	0.746	0.71109999999999995	0.57999999999999996
sub-0001_task-thermalactive_run-3_eeg	sub-0001	fixed_lines_only	4	159	7	7.6500000000000004	-0.63	-7.2300000000000004	-0.22	0.97445999999999999	0.22442999999999999	1	1	1	1	1	0.91590000000000005
sub-0001_task-thermalactive_run-3_eeg	sub-0001	comb_subtracted	3	159	5	7.6500000000000004	-1.05	-7.0300000000000002	-0.19	0.97441	0.22464999999999999	1	1	1	1	1	0.93240000000000001
sub-0001_task-thermalactive_run-3_eeg	sub-0001	lines_declared	4	159	5	7.6500000000000004	-0.63	-6.9900000000000002	-0.22	0.97452000000000005	0.22414999999999999	1	1	1	1	1	0.93600000000000005
sub-0001_task-thermalactive_run-4_eeg	sub-0001	notching	0	156	45	37.969999999999999	-0.13	-31.91	-0.71999999999999997	0.95942000000000005	0.28161999999999998	3	0.55169999999999997	0.4103	0.746	0.67249999999999999	0.50790000000000002
sub-0001_task-thermalactive_run-4_eeg	sub-0001	notching_declared	0	156	28	30.280000000000001	-6.4500000000000002	-30.77	-7	0.97372000000000003	0.22745000000000001	2	0.67820000000000003	0.76070000000000004	0.746	0.71699999999999997	0.5605
sub-0001_task-thermalactive_run-4_eeg	sub-0001	fixed_lines_only	5	156	28	16.18	-0.13	-8.7200000000000006	-0.12	0.96057000000000003	0.27768999999999999	2	0.55169999999999997	0.4103	0.746	0.71630000000000005	0.70340000000000003
sub-0001_task-thermalactive_run-4_eeg	sub-0001	comb_subtracted	5	156	24	16.18	-0.96999999999999997	-8.6099999999999994	-0.38	0.96040000000000003	0.27826000000000001	2	0.55169999999999997	0.4103	0.746	0.71630000000000005	0.70209999999999995
sub-0001_task-thermalactive_run-4_eeg	sub-0001	lines_declared	5	156	6	5.0099999999999998	-0.13	-7.2000000000000002	0.10000000000000001	0.99126999999999998	0.13169	1	1	1	1	1	0.96189999999999998
sub-0001_task-thermalactive_run-5_eeg	sub-0001	notching	0	151	42	34.609999999999999	3.9199999999999999	-31.100000000000001	-0.33000000000000002	0.98246	0.18642	4	0.69350000000000001	0.6895	0.746	0.67249999999999999	0.50280000000000002
sub-0001_task-thermalactive_run-5_eeg	sub-0001	notching_declared	0	151	30	26.530000000000001	-5.4800000000000004	-29.16	-7.3899999999999997	0.98428000000000004	0.17655999999999999	2	0.67820000000000003	0.76070000000000004	0.746	0.71109999999999995	0.58409999999999995
sub-0001_task-thermalactive_run-5_eeg	sub-0001	fixed_lines_only	5	151	15	4.7800000000000002	3.9300000000000002	-7.6100000000000003	-0.10000000000000001	0.99568000000000001	0.092829999999999996	3	1	1	1	1	0.90769999999999995
sub-0001_task-thermalactive_run-5_eeg	sub-0001	comb_subtracted	7	151	11	4.7800000000000002	2.1899999999999999	-7.6100000000000003	-0.40999999999999998	0.99550000000000005	0.094689999999999996	3	1	1	1	0.98170000000000002	0.90769999999999995
sub-0001_task-thermalactive_run-5_eeg	sub-0001	lines_declared	5	151	9	3.8399999999999999	3.9300000000000002	-7.6100000000000003	-0.10000000000000001	0.99570999999999998	0.092490000000000003	3	1	1	1	1	0.90769999999999995
sub-0001_task-thermalactive_run-6_eeg	sub-0001	notching	0	147	45	33.659999999999997	-1.0700000000000001	-30.539999999999999	-1.04	0.96428999999999998	0.26186999999999999	3	0.69350000000000001	0.6895	0.746	0.57840000000000003	0.48680000000000001
sub-0001_task-thermalactive_run-6_eeg	sub-0001	notching_declared	0	147	27	31.280000000000001	-6.5	-29.440000000000001	-7.1900000000000004	0.96797	0.24822	2	0.67820000000000003	0.76070000000000004	0.746	0.69350000000000001	0.58609999999999995
sub-0001_task-thermalactive_run-6_eeg	sub-0001	fixed_lines_only	7	147	28	33.289999999999999	-1.0800000000000001	-7.6299999999999999	-0.20999999999999999	0.96572999999999998	0.25663000000000002	3	0.69350000000000001	0.6895	0.746	0.58299999999999996	0.6593
sub-0001_task-thermalactive_run-6_eeg	sub-0001	comb_subtracted	6	147	28	33.280000000000001	-1.45	-7.6299999999999999	-0.26000000000000001	0.96572000000000002	0.25667000000000001	3	0.69350000000000001	0.6895	0.746	0.62219999999999998	0.65059999999999996
sub-0001_task-thermalactive_run-6_eeg	sub-0001	lines_declared	7	147	8	5.9900000000000002	-0.72999999999999998	-6.1299999999999999	-0.20000000000000001	0.97994999999999999	0.19697999999999999	2	1	1	1	0.9758	0.9294
sub-0003_task-thermalactive_run-1_eeg	sub-0003	notching	0	133	38	35.329999999999998	-1.6200000000000001	-32.390000000000001	0.029999999999999999	0.97248999999999997	0.23238	3	0.69350000000000001	0.6895	0.746	0.6673	0.44979999999999998
sub-0003_task-thermalactive_run-1_eeg	sub-0003	notching_declared	0	133	45	29.850000000000001	-8.5099999999999998	-31.030000000000001	-6.8799999999999999	0.97245999999999999	0.23250000000000001	2	0.67820000000000003	0.76070000000000004	0.746	0.69350000000000001	0.55069999999999997
sub-0003_task-thermalactive_run-1_eeg	sub-0003	fixed_lines_only	5	133	6	3.8599999999999999	-1.6200000000000001	-6.7199999999999998	0.29999999999999999	0.99843999999999999	0.055669999999999997	3	1	1	1	1	0.9022
sub-0003_task-thermalactive_run-1_eeg	sub-0003	comb_subtracted	4	133	2	2.02	-1.6200000000000001	-6.6699999999999999	0.14999999999999999	0.99846999999999997	0.055109999999999999	1	1	1	1	1	0.92900000000000005
sub-0003_task-thermalactive_run-1_eeg	sub-0003	lines_declared	5	133	15	19.93	-4.7599999999999998	-10.859999999999999	-6.5499999999999998	0.97302	0.23016	3	0.67820000000000003	0.76070000000000004	0.746	0.73460000000000003	0.68340000000000001
sub-0003_task-thermalactive_run-2_eeg	sub-0003	notching	0	139	18	27.899999999999999	-2.5299999999999998	-29.829999999999998	-1.1599999999999999	0.99758000000000002	0.065259999999999999	3	1	1	1	0.92749999999999999	0.75749999999999995
sub-0003_task-thermalactive_run-2_eeg	sub-0003	notching_declared	0	139	22	28.940000000000001	-9.2699999999999996	-29.960000000000001	-6.9299999999999997	0.96875	0.23277	2	0.67820000000000003	0.76070000000000004	0.746	0.69350000000000001	0.55640000000000001
sub-0003_task-thermalactive_run-2_eeg	sub-0003	fixed_lines_only	3	139	21	20.670000000000002	-2.5299999999999998	-6.8899999999999997	0.14000000000000001	0.99817	0.056759999999999998	2	1	1	1	1	0.96189999999999998
sub-0003_task-thermalactive_run-2_eeg	sub-0003	comb_subtracted	0	139	0	1.8100000000000001	-2.5299999999999998	-6.6200000000000001	-0.089999999999999997	0.99821000000000004	0.056169999999999998	1	1	1	1	1	0.98750000000000004
sub-0003_task-thermalactive_run-2_eeg	sub-0003	lines_declared	3	139	7	4.7999999999999998	-2.5299999999999998	-6.7999999999999998	0.059999999999999998	0.99827999999999995	0.054969999999999998	2	1	1	1	1	0.96279999999999999
sub-0003_task-thermalactive_run-3_eeg	sub-0003	notching	0	140	45	34.539999999999999	-2.1000000000000001	-32.259999999999998	-0.67000000000000004	0.96772999999999998	0.23130999999999999	4	0.69350000000000001	0.6895	0.746	0.66269999999999996	0.4264
sub-0003_task-thermalactive_run-3_eeg	sub-0003	notching_declared	0	140	52	30.440000000000001	-6.7199999999999998	-30.239999999999998	-7.0999999999999996	0.97191000000000005	0.21604000000000001	2	0.67820000000000003	0.76070000000000004	0.746	0.69350000000000001	0.50700000000000001
sub-0003_task-thermalactive_run-3_eeg	sub-0003	fixed_lines_only	4	140	14	17.16	-2.1000000000000001	-7.04	0.050000000000000003	0.99822999999999995	0.054620000000000002	2	1	1	1	0.96340000000000003	0.89419999999999999
sub-0003_task-thermalactive_run-3_eeg	sub-0003	comb_subtracted	1	140	7	17.280000000000001	-2.1000000000000001	-6.8399999999999999	-0.059999999999999998	0.99824999999999997	0.054289999999999998	2	1	1	1	0.96340000000000003	0.92720000000000002
sub-0003_task-thermalactive_run-3_eeg	sub-0003	lines_declared	4	140	16	32.359999999999999	-2.1000000000000001	-7.1299999999999999	0.050000000000000003	0.99821000000000004	0.054899999999999997	2	1	1	1	0.96340000000000003	0.88439999999999996
sub-0003_task-thermalactive_run-4_eeg	sub-0003	notching	0	142	51	34.539999999999999	-3.0099999999999998	-32.299999999999997	-0.35999999999999999	0.96875999999999995	0.23286000000000001	3	0.69350000000000001	0.6895	0.746	0.66859999999999997	0.49859999999999999
sub-0003_task-thermalactive_run-4_eeg	sub-0003	notching_declared	0	142	57	30.460000000000001	-10.27	-31.27	-6.6799999999999997	0.96965000000000001	0.22955	3	0.67820000000000003	0.70940000000000003	0.746	0.67649999999999999	0.47160000000000002
sub-0003_task-thermalactive_run-4_eeg	sub-0003	fixed_lines_only	3	142	13	4.4199999999999999	-3.0099999999999998	-8.0600000000000005	-0.089999999999999997	0.99819999999999998	0.056349999999999997	1	1	1	1	0.98170000000000002	0.94830000000000003
sub-0003_task-thermalactive_run-4_eeg	sub-0003	comb_subtracted	2	142	4	4.3700000000000001	-3.0099999999999998	-7.6799999999999997	-0.10000000000000001	0.99814000000000003	0.057200000000000001	1	1	1	1	0.98170000000000002	0.97729999999999995
sub-0003_task-thermalactive_run-4_eeg	sub-0003	lines_declared	3	142	7	4.4199999999999999	-3.0099999999999998	-7.6699999999999999	-0.089999999999999997	0.99827999999999995	0.055039999999999999	1	1	1	1	0.98170000000000002	0.94830000000000003
sub-0003_task-thermalactive_run-6_eeg	sub-0003	notching	0	144	47	34.479999999999997	-3.46	-34.149999999999999	-0.53000000000000003	0.96614	0.19409999999999999	4	0.69350000000000001	0.6895	0.746	0.65029999999999999	0.42399999999999999
sub-0003_task-thermalactive_run-6_eeg	sub-0003	notching_declared	0	144	35	30.739999999999998	-10.529999999999999	-32.829999999999998	-6.5700000000000003	0.96987000000000001	0.18329000000000001	3	0.67820000000000003	0.76070000000000004	0.746	0.68169999999999997	0.45960000000000001
sub-0003_task-thermalactive_run-6_eeg	sub-0003	fixed_lines_only	8	144	6	4.5099999999999998	-3.46	-7.79	-0.01	0.99780000000000002	0.049840000000000002	1	1	1	1	1	0.92259999999999998
sub-0003_task-thermalactive_run-6_eeg	sub-0003	comb_subtracted	5	144	1	2.04	-3.46	-7.5	-0.029999999999999999	0.99783999999999995	0.049439999999999998	1	1	1	1	1	0.95779999999999998
sub-0003_task-thermalactive_run-6_eeg	sub-0003	lines_declared	8	144	6	4.5099999999999998	-3.46	-7.8799999999999999	-0.059999999999999998	0.99770999999999999	0.050869999999999999	1	1	1	1	1	0.87629999999999997
sub-0003_task-thermalactive_run-5_eeg	sub-0003	notching	0	162	47	34.380000000000003	-3.0299999999999998	-33.549999999999997	-3.1299999999999999	0.96577999999999997	0.21815000000000001	3	0.69350000000000001	0.6895	0.746	0.67190000000000005	0.44090000000000001
sub-0003_task-thermalactive_run-5_eeg	sub-0003	notching_declared	0	162	26	29.469999999999999	-6.7000000000000002	-31.329999999999998	-6.9800000000000004	0.96780999999999995	0.21168999999999999	3	0.67820000000000003	0.76070000000000004	0.746	0.66469999999999996	0.495
sub-0003_task-thermalactive_run-5_eeg	sub-0003	fixed_lines_only	3	162	21	5.4100000000000001	-3.0299999999999998	-8.2300000000000004	0.10000000000000001	0.99753999999999998	0.05901	2	1	1	1	0.9516	0.95520000000000005
sub-0003_task-thermalactive_run-5_eeg	sub-0003	comb_subtracted	3	162	2	4.25	-3.0299999999999998	-8.1899999999999995	-0.19	0.99746000000000001	0.05985	2	1	1	1	0.9516	0.96150000000000002
sub-0003_task-thermalactive_run-5_eeg	sub-0003	lines_declared	3	162	18	4.6600000000000001	-3.0299999999999998	-8.1899999999999995	0.10000000000000001	0.99756	0.05876	2	1	1	1	0.9516	0.95520000000000005
sub-0004_task-thermalactive_run-1_eeg	sub-0004	notching	0	134	32	31.43	-2.1000000000000001	-32.030000000000001	-1.1200000000000001	0.97743999999999998	0.21010000000000001	4	0.69350000000000001	0.6895	0.746	0.67649999999999999	0.4965
sub-0004_task-thermalactive_run-1_eeg	sub-0004	notching_declared	0	134	16	27.530000000000001	-9.2200000000000006	-29.41	-7.2199999999999998	0.98026000000000002	0.19670000000000001	2	0.67820000000000003	0.76070000000000004	0.746	0.69930000000000003	0.58209999999999995
sub-0004_task-thermalactive_run-1_eeg	sub-0004	fixed_lines_only	4	134	6	5.3899999999999997	-2.0899999999999999	-6.4800000000000004	0.5	0.99877000000000005	0.049299999999999997	1	1	1	1	1	0.94479999999999997
sub-0004_task-thermalactive_run-1_eeg	sub-0004	comb_subtracted	4	134	3	2.54	-2.0899999999999999	-6.4800000000000004	-0.12	0.99866999999999995	0.051319999999999998	2	1	1	1	1	0.94699999999999995
sub-0004_task-thermalactive_run-1_eeg	sub-0004	lines_declared	4	134	6	5.3899999999999997	-2.0899999999999999	-6.7199999999999998	0.34999999999999998	0.99880000000000002	0.048719999999999999	2	1	1	1	1	0.92700000000000005
sub-0004_task-thermalactive_run-3_eeg	sub-0004	notching	0	109	22	35.630000000000003	-0.69999999999999996	-30.579999999999998	-0.41999999999999998	0.96382000000000001	0.22137000000000001	4	0.69350000000000001	0.6895	0.746	0.64710000000000001	0.55359999999999998
sub-0004_task-thermalactive_run-3_eeg	sub-0004	notching_declared	0	109	19	28.969999999999999	-7.4100000000000001	-28.379999999999999	-7.0999999999999996	0.96492999999999995	0.21798999999999999	3	0.67820000000000003	0.76070000000000004	0.746	0.69350000000000001	0.61990000000000001
sub-0004_task-thermalactive_run-3_eeg	sub-0004	fixed_lines_only	5	109	4	5.0899999999999999	-0.69999999999999996	-5.4299999999999997	0.23000000000000001	0.99843000000000004	0.046449999999999998	3	1	1	1	0.98170000000000002	0.92700000000000005
sub-0004_task-thermalactive_run-3_eeg	sub-0004	comb_subtracted	5	109	5	18.359999999999999	-0.69999999999999996	-5.4299999999999997	0.14000000000000001	0.99833000000000005	0.047969999999999999	2	1	1	1	1	0.9446
sub-0004_task-thermalactive_run-3_eeg	sub-0004	lines_declared	5	109	4	5.0899999999999999	-0.69999999999999996	-5.4299999999999997	0.23000000000000001	0.99843000000000004	0.046449999999999998	3	1	1	1	0.98170000000000002	0.92700000000000005
sub-0004_task-thermalactive_run-2_eeg	sub-0004	notching	0	135	29	29.140000000000001	-2.1899999999999999	-31.300000000000001	-2.4900000000000002	0.97592000000000001	0.19796	4	0.69350000000000001	0.6895	0.746	0.66410000000000002	0.49340000000000001
sub-0004_task-thermalactive_run-2_eeg	sub-0004	notching_declared	0	135	32	28.170000000000002	-8.8699999999999992	-29.620000000000001	-6.8700000000000001	0.97870000000000001	0.18633	3	0.67820000000000003	0.76070000000000004	0.746	0.69930000000000003	0.60589999999999999
sub-0004_task-thermalactive_run-2_eeg	sub-0004	fixed_lines_only	3	135	4	4.4500000000000002	-2.1899999999999999	-5.6600000000000001	0.57999999999999996	0.99846999999999997	0.050139999999999997	2	1	1	1	0.98170000000000002	0.95720000000000005
sub-0004_task-thermalactive_run-2_eeg	sub-0004	comb_subtracted	4	135	1	2.0099999999999998	-2.1899999999999999	-5.7199999999999998	0.01	0.99841999999999997	0.05101	2	1	1	1	0.9758	0.95499999999999996
sub-0004_task-thermalactive_run-2_eeg	sub-0004	lines_declared	3	135	4	4.4500000000000002	-2.1899999999999999	-5.6600000000000001	0.5	0.99855000000000005	0.048899999999999999	2	1	1	1	0.98170000000000002	0.95720000000000005
sub-0004_task-thermalactive_run-4_eeg	sub-0004	notching	0	127	8	6.1100000000000003	-1.6499999999999999	-15.220000000000001	0.12	0.99826999999999999	0.043720000000000002	2	1	1	1	0.93920000000000003	0.78469999999999995
sub-0004_task-thermalactive_run-4_eeg	sub-0004	notching_declared	0	127	13	25.789999999999999	-9.3399999999999999	-28.600000000000001	-6.9400000000000004	0.97299000000000002	0.17188000000000001	3	0.67820000000000003	0.76070000000000004	0.746	0.69869999999999999	0.61570000000000003
sub-0004_task-thermalactive_run-4_eeg	sub-0004	fixed_lines_only	11	127	8	3.4500000000000002	-1.6499999999999999	-7	0.59999999999999998	0.99853000000000003	0.040320000000000002	2	1	1	1	0.96340000000000003	0.9012
sub-0004_task-thermalactive_run-4_eeg	sub-0004	comb_subtracted	7	127	4	3.3500000000000001	-1.6499999999999999	-6.6699999999999999	-0.029999999999999999	0.99851000000000001	0.040689999999999997	2	1	1	1	0.95820000000000005	0.92569999999999997
sub-0004_task-thermalactive_run-4_eeg	sub-0004	lines_declared	11	127	8	3.4500000000000002	-1.6499999999999999	-7	0.59999999999999998	0.99853000000000003	0.040320000000000002	2	1	1	1	0.96340000000000003	0.9012
sub-0004_task-thermalactive_run-5_eeg	sub-0004	notching	0	125	4	7.4500000000000002	-0.55000000000000004	-24.530000000000001	0.20000000000000001	0.99978999999999996	0.019140000000000001	3	1	1	1	0.96989999999999998	0.81989999999999996
sub-0004_task-thermalactive_run-5_eeg	sub-0004	notching_declared	0	125	13	18.920000000000002	-7.79	-25.300000000000001	-7.1799999999999997	0.997	0.072429999999999994	3	0.67820000000000003	0.76070000000000004	0.746	0.71109999999999995	0.59030000000000005
sub-0004_task-thermalactive_run-5_eeg	sub-0004	fixed_lines_only	3	125	2	2.8500000000000001	-0.55000000000000004	-5.2999999999999998	0.26000000000000001	0.99983999999999995	0.016590000000000001	2	1	1	1	1	0.94720000000000004
sub-0004_task-thermalactive_run-5_eeg	sub-0004	comb_subtracted	2	125	0	1.8500000000000001	-0.56000000000000005	-5.2699999999999996	0.029999999999999999	0.99983999999999995	0.016830000000000001	1	1	1	1	0.98170000000000002	0.95799999999999996
sub-0004_task-thermalactive_run-5_eeg	sub-0004	lines_declared	3	125	2	2.8500000000000001	-0.55000000000000004	-5.2999999999999998	0.26000000000000001	0.99983999999999995	0.016590000000000001	2	1	1	1	1	0.94720000000000004
sub-0004_task-thermalactive_run-6_eeg	sub-0004	notching	0	104	16	24.510000000000002	-2.3199999999999998	-12.109999999999999	-0.17999999999999999	0.99824000000000002	0.036049999999999999	2	1	1	1	0.92749999999999999	0.79430000000000001
sub-0004_task-thermalactive_run-6_eeg	sub-0004	notching_declared	0	104	12	27.510000000000002	-9.6400000000000006	-12.9	-6.8099999999999996	0.98179000000000005	0.11561	2	0.67820000000000003	0.76070000000000004	0.746	0.68759999999999999	0.61990000000000001
sub-0004_task-thermalactive_run-6_eeg	sub-0004	fixed_lines_only	6	104	11	5.1600000000000001	-2.3199999999999998	-5.46	0.56999999999999995	0.99868000000000001	0.03125	2	1	1	1	1	0.93899999999999995
sub-0004_task-thermalactive_run-6_eeg	sub-0004	comb_subtracted	8	104	28	28.870000000000001	-2.8199999999999998	-6.75	0.02	0.97943999999999998	0.12275999999999999	4	0.69350000000000001	0.6895	0.746	0.71630000000000005	0.63749999999999996
sub-0004_task-thermalactive_run-6_eeg	sub-0004	lines_declared	6	104	10	5.1600000000000001	-2.3199999999999998	-5.1100000000000003	0.56999999999999995	0.99880000000000002	0.029770000000000001	2	1	1	1	1	0.93899999999999995
sub-0005_task-thermalactive_run-1_eeg	sub-0005	notching	0	75	7	6.8799999999999999	1.3300000000000001	-10.630000000000001	0.34999999999999998	0.99511000000000005	0.096089999999999995	2	1	1	1	0.91569999999999996	0.8105
sub-0005_task-thermalactive_run-1_eeg	sub-0005	notching_declared	0	75	7	23.649999999999999	-8.4600000000000009	-16.399999999999999	-6.75	0.96360999999999997	0.26006000000000001	2	0.67820000000000003	0.68379999999999996	0.746	0.69350000000000001	0.61409999999999998
sub-0005_task-thermalactive_run-1_eeg	sub-0005	fixed_lines_only	1	75	6	4.3300000000000001	1.3300000000000001	-2.6600000000000001	0.44	0.99668000000000001	0.079170000000000004	1	1	1	1	0.96340000000000003	0.92920000000000003
sub-0005_task-thermalactive_run-1_eeg	sub-0005	comb_subtracted	2	75	0	1.6200000000000001	-1.5800000000000001	-2.8100000000000001	0.25	0.99633000000000005	0.083239999999999995	1	1	1	1	0.96340000000000003	0.92720000000000002
sub-0005_task-thermalactive_run-1_eeg	sub-0005	lines_declared	1	75	11	21.010000000000002	1.3300000000000001	-2.6699999999999999	0.37	0.99629999999999996	0.083559999999999995	3	1	1	1	0.96340000000000003	0.89939999999999998
sub-0005_task-thermalactive_run-2_eeg	sub-0005	notching	0	126	12	26.25	0.5	-28.5	-0.54000000000000004	0.99551999999999996	0.084360000000000004	2	1	1	1	0.84379999999999999	0.72519999999999996
sub-0005_task-thermalactive_run-2_eeg	sub-0005	notching_declared	0	126	14	29.41	-9.1500000000000004	-28.870000000000001	-6.7300000000000004	0.96604999999999996	0.23050000000000001	2	0.67820000000000003	0.76070000000000004	0.746	0.63460000000000005	0.57310000000000005
sub-0005_task-thermalactive_run-2_eeg	sub-0005	fixed_lines_only	3	126	8	5.0899999999999999	0.5	-4.9000000000000004	0.42999999999999999	0.99705999999999995	0.068409999999999999	3	1	1	1	1	0.91890000000000005
sub-0005_task-thermalactive_run-2_eeg	sub-0005	comb_subtracted	4	126	1	2.0899999999999999	-0.66000000000000003	-4.9500000000000002	-0.02	0.99673	0.072090000000000001	1	1	1	1	1	0.89890000000000003
sub-0005_task-thermalactive_run-2_eeg	sub-0005	lines_declared	3	126	15	29.77	0.5	-4.9500000000000002	0.32000000000000001	0.99687999999999999	0.070440000000000003	3	1	1	1	1	0.8901
sub-0005_task-thermalactive_run-3_eeg	sub-0005	notching	0	105	17	27.539999999999999	-0.31	-28.050000000000001	-0.28999999999999998	0.99580000000000002	0.073880000000000001	3	1	1	1	0.86729999999999996	0.78710000000000002
sub-0005_task-thermalactive_run-3_eeg	sub-0005	notching_declared	0	105	11	28.84	-9.0899999999999999	-28.07	-7.1900000000000004	0.96616000000000002	0.20813999999999999	3	0.67820000000000003	0.76070000000000004	0.746	0.66990000000000005	0.60809999999999997
sub-0005_task-thermalactive_run-3_eeg	sub-0005	fixed_lines_only	8	105	9	7.6600000000000001	-0.31	-5.1600000000000001	0.14000000000000001	0.99670000000000003	0.065500000000000003	2	1	1	1	0.94510000000000005	0.88970000000000005
sub-0005_task-thermalactive_run-3_eeg	sub-0005	comb_subtracted	1	105	1	2.3999999999999999	-2.3900000000000001	-4.7199999999999998	-0	0.99689000000000005	0.063619999999999996	2	1	1	1	1	0.91069999999999995
sub-0005_task-thermalactive_run-3_eeg	sub-0005	lines_declared	8	105	9	7.6600000000000001	-0.31	-5.1600000000000001	0.14000000000000001	0.99670000000000003	0.065500000000000003	2	1	1	1	0.94510000000000005	0.88970000000000005
sub-0005_task-thermalactive_run-4_eeg	sub-0005	notching	0	95	17	33.890000000000001	0.73999999999999999	-13.84	-0.089999999999999997	0.99687999999999999	0.060109999999999997	3	1	1	1	0.88560000000000005	0.76400000000000001
sub-0005_task-thermalactive_run-4_eeg	sub-0005	notching_declared	0	95	19	30.609999999999999	-8.2899999999999991	-18.91	-6.9100000000000001	0.95206999999999997	0.23311000000000001	2	0.67820000000000003	0.76070000000000004	0.746	0.58299999999999996	0.59430000000000005
sub-0005_task-thermalactive_run-4_eeg	sub-0005	fixed_lines_only	5	95	9	5.4000000000000004	0.73999999999999999	-4.5899999999999999	0.55000000000000004	0.99768000000000001	0.051869999999999999	2	1	1	1	0.95750000000000002	0.91590000000000005
sub-0005_task-thermalactive_run-4_eeg	sub-0005	comb_subtracted	6	95	3	5.3700000000000001	-1.5700000000000001	-4.0800000000000001	0.17000000000000001	0.99746999999999997	0.054210000000000001	2	1	1	1	0.95520000000000005	0.9234
sub-0005_task-thermalactive_run-4_eeg	sub-0005	lines_declared	5	95	10	18.079999999999998	-2.5600000000000001	-9.4199999999999999	-6.7800000000000002	0.95282999999999995	0.23130000000000001	2	0.67820000000000003	0.76070000000000004	0.746	0.70820000000000005	0.68179999999999996
sub-0005_task-thermalactive_run-5_eeg	sub-0005	notching	0	125	17	31.039999999999999	-1.3	-29.579999999999998	0	0.99634999999999996	0.054699999999999999	3	1	1	1	0.82550000000000001	0.73260000000000003
sub-0005_task-thermalactive_run-5_eeg	sub-0005	notching_declared	0	125	16	30.640000000000001	-9.3100000000000005	-29.609999999999999	-7.0999999999999996	0.96972000000000003	0.15648000000000001	3	0.67820000000000003	0.76070000000000004	0.746	0.61699999999999999	0.53949999999999998
sub-0005_task-thermalactive_run-5_eeg	sub-0005	fixed_lines_only	5	125	12	4.0999999999999996	-0.59999999999999998	-6.04	0.65000000000000002	0.99758999999999998	0.044490000000000002	1	1	1	1	0.96989999999999998	0.96199999999999997
sub-0005_task-thermalactive_run-5_eeg	sub-0005	comb_subtracted	6	125	5	3.0800000000000001	-0.59999999999999998	-6.0899999999999999	0.28999999999999998	0.99717999999999996	0.048120000000000003	2	1	1	1	0.91369999999999996	0.94510000000000005
sub-0005_task-thermalactive_run-5_eeg	sub-0005	lines_declared	5	125	12	4.0999999999999996	-0.59999999999999998	-6.04	0.65000000000000002	0.99758999999999998	0.044490000000000002	1	1	1	1	0.96989999999999998	0.96199999999999997
sub-0005_task-thermalactive_run-6_eeg	sub-0005	notching	0	115	26	32.170000000000002	-1.6699999999999999	-30.329999999999998	-2.1699999999999999	0.96460000000000001	0.16475999999999999	3	0.69350000000000001	0.6895	0.746	0.61180000000000001	0.4556
sub-0005_task-thermalactive_run-6_eeg	sub-0005	notching_declared	0	115	15	30.129999999999999	-8.7599999999999998	-28.399999999999999	-6.96	0.96550000000000002	0.16267000000000001	3	0.67820000000000003	0.76070000000000004	0.746	0.66930000000000001	0.52480000000000004
sub-0005_task-thermalactive_run-6_eeg	sub-0005	fixed_lines_only	7	115	12	24.050000000000001	-1.21	-4.8600000000000003	0.20999999999999999	0.99714000000000003	0.047199999999999999	3	1	1	1	0.91269999999999996	0.871
sub-0005_task-thermalactive_run-6_eeg	sub-0005	comb_subtracted	4	115	7	18.34	-2.3599999999999999	-4.8099999999999996	-0.13	0.99712999999999996	0.047309999999999998	3	1	1	1	0.93630000000000002	0.88970000000000005
sub-0005_task-thermalactive_run-6_eeg	sub-0005	lines_declared	7	115	13	35.240000000000002	-1.21	-4.9900000000000002	0.19	0.99704999999999999	0.047969999999999999	3	1	1	1	0.91269999999999996	0.85319999999999996
sub-0006_task-thermalactive_run-1_eeg	sub-0006	notching	0	44	19	37.490000000000002	2.9900000000000002	-9.8800000000000008	-0.72999999999999998	0.97435000000000005	0.19353000000000001	3	0.69350000000000001	0.6895	0.746	0.66410000000000002	0.56850000000000001
sub-0006_task-thermalactive_run-1_eeg	sub-0006	notching_declared	0	44	16	30.609999999999999	-4.9199999999999999	-9.3599999999999994	-6.6500000000000004	0.97570999999999997	0.18837000000000001	2	0.67820000000000003	0.76070000000000004	0.746	0.7288	0.56869999999999998
sub-0006_task-thermalactive_run-1_eeg	sub-0006	fixed_lines_only	1	44	27	37.049999999999997	2.9900000000000002	-3.46	1.05	0.97501000000000004	0.19105	2	0.69350000000000001	0.6895	0.746	0.66930000000000001	0.65090000000000003
sub-0006_task-thermalactive_run-1_eeg	sub-0006	comb_subtracted	4	44	24	37.219999999999999	0.69999999999999996	-3.1200000000000001	0.52000000000000002	0.97511000000000003	0.19067000000000001	2	0.69350000000000001	0.6895	0.746	0.69799999999999995	0.67069999999999996
sub-0006_task-thermalactive_run-1_eeg	sub-0006	lines_declared	1	44	6	8.8000000000000007	-1.71	-7.9699999999999998	-6.4100000000000001	0.97662000000000004	0.18487000000000001	3	0.67820000000000003	0.76070000000000004	0.746	0.7288	0.68579999999999997
sub-0006_task-thermalactive_run-2_eeg	sub-0006	notching	0	42	9	3.52	1.25	-2.7200000000000002	0.089999999999999997	0.99458999999999997	0.09511	1	1	1	1	0.96340000000000003	0.86929999999999996
sub-0006_task-thermalactive_run-2_eeg	sub-0006	notching_declared	0	42	16	35.049999999999997	-6.0999999999999996	-8.9600000000000009	-6.5300000000000002	0.96667000000000003	0.23449999999999999	2	0.67820000000000003	0.76070000000000004	0.746	0.71109999999999995	0.58850000000000002
sub-0006_task-thermalactive_run-2_eeg	sub-0006	fixed_lines_only	1	42	6	3.5099999999999998	1.25	-1.1599999999999999	0.40999999999999998	0.99651999999999996	0.076319999999999999	1	1	1	1	0.98170000000000002	0.98129999999999995
sub-0006_task-thermalactive_run-2_eeg	sub-0006	comb_subtracted	0	42	2	2.23	0.13	-1.8300000000000001	0.14000000000000001	0.99607999999999997	0.081059999999999993	1	1	1	1	1	0.98750000000000004
sub-0006_task-thermalactive_run-2_eeg	sub-0006	lines_declared	1	42	18	41.659999999999997	0.13	-7.6500000000000004	-5.8300000000000001	0.96906000000000003	0.22608	2	0.67820000000000003	0.76070000000000004	0.746	0.7288	0.69740000000000002
sub-0006_task-thermalactive_run-3_eeg	sub-0006	notching	0	144	51	34.600000000000001	-0.58999999999999997	-35.270000000000003	-2.3399999999999999	0.96247000000000005	0.24126	3	0.69350000000000001	0.6895	0.746	0.67520000000000002	0.46760000000000002
sub-0006_task-thermalactive_run-3_eeg	sub-0006	notching_declared	0	144	50	28.530000000000001	-7.0899999999999999	-35.149999999999999	-6.6900000000000004	0.97379000000000004	0.20221	2	0.67820000000000003	0.76070000000000004	0.746	0.71109999999999995	0.49390000000000001
sub-0006_task-thermalactive_run-3_eeg	sub-0006	fixed_lines_only	11	144	19	4.6100000000000003	-0.58999999999999997	-10.119999999999999	0.46999999999999997	0.99711000000000005	0.067530000000000007	2	1	1	1	1	0.8972
sub-0006_task-thermalactive_run-3_eeg	sub-0006	comb_subtracted	13	144	5	3.7400000000000002	-1.0600000000000001	-10.380000000000001	-0.54000000000000004	0.99668999999999996	0.072309999999999999	1	1	1	1	0.98170000000000002	0.88900000000000001
sub-0006_task-thermalactive_run-3_eeg	sub-0006	lines_declared	11	144	20	4.6100000000000003	-0.58999999999999997	-10.119999999999999	0.46999999999999997	0.99709000000000003	0.067809999999999995	1	1	1	1	1	0.88119999999999998
sub-0006_task-thermalactive_run-4_eeg	sub-0006	notching	0	135	30	27.890000000000001	-1	-30.52	-2.4500000000000002	0.99726000000000004	0.058349999999999999	3	1	1	1	0.98170000000000002	0.70299999999999996
sub-0006_task-thermalactive_run-4_eeg	sub-0006	notching_declared	0	135	40	30.190000000000001	-10.08	-31.219999999999999	-6.96	0.98102999999999996	0.15279999999999999	2	0.67820000000000003	0.76070000000000004	0.746	0.7288	0.50080000000000002
sub-0006_task-thermalactive_run-4_eeg	sub-0006	fixed_lines_only	6	135	17	14.529999999999999	-1	-7.04	0.46999999999999997	0.99773000000000001	0.053039999999999997	2	1	1	1	0.98170000000000002	0.90869999999999995
sub-0006_task-thermalactive_run-4_eeg	sub-0006	comb_subtracted	9	135	5	8.8499999999999996	-3.6099999999999999	-7.1299999999999999	-0.37	0.99744999999999995	0.056300000000000003	2	1	1	1	0.98170000000000002	0.87390000000000001
sub-0006_task-thermalactive_run-4_eeg	sub-0006	lines_declared	6	135	17	14.529999999999999	-1	-7.04	0.46999999999999997	0.99773000000000001	0.053039999999999997	2	1	1	1	0.98170000000000002	0.90869999999999995
sub-0006_task-thermalactive_run-5_eeg	sub-0006	notching	0	142	32	27.079999999999998	-2.6899999999999999	-32.509999999999998	-2.1600000000000001	0.99682999999999999	0.066799999999999998	3	1	1	1	0.89670000000000005	0.69720000000000004
sub-0006_task-thermalactive_run-5_eeg	sub-0006	notching_declared	0	142	40	28.600000000000001	-10.92	-34.539999999999999	-6.6500000000000004	0.98038000000000003	0.16553999999999999	3	0.60919999999999996	0.76070000000000004	0.746	0.68689999999999996	0.52659999999999996
sub-0006_task-thermalactive_run-5_eeg	sub-0006	fixed_lines_only	16	142	19	23.760000000000002	-2.6800000000000002	-11.51	-0.29999999999999999	0.99694000000000005	0.065689999999999998	3	1	1	1	0.88629999999999998	0.85470000000000002
sub-0006_task-thermalactive_run-5_eeg	sub-0006	comb_subtracted	20	142	3	3.9300000000000002	-4.4900000000000002	-11.48	-0.56999999999999995	0.99677000000000004	0.06744	3	1	1	1	0.88039999999999996	0.86509999999999998
sub-0006_task-thermalactive_run-5_eeg	sub-0006	lines_declared	16	142	19	23.760000000000002	-2.6800000000000002	-11.51	-0.29999999999999999	0.99694000000000005	0.065689999999999998	3	1	1	1	0.88629999999999998	0.85470000000000002
sub-0006_task-thermalactive_run-6_eeg	sub-0006	notching	0	137	40	34.990000000000002	-2.9100000000000001	-34.68	-0.94999999999999996	0.96928000000000003	0.18579000000000001	3	0.14180000000000001	0.6895	0.746	0.6804	0.45939999999999998
sub-0006_task-thermalactive_run-6_eeg	sub-0006	notching_declared	0	137	36	28.109999999999999	3.6499999999999999	-34.07	-6.3600000000000003	0.98380999999999996	0.13538	3	0.64370000000000005	0.76070000000000004	0.746	0.67579999999999996	0.51480000000000004
sub-0006_task-thermalactive_run-6_eeg	sub-0006	fixed_lines_only	13	137	21	9.6199999999999992	3.6600000000000001	-11.09	0.02	0.99550000000000005	0.071569999999999995	2	0.89270000000000005	1	1	0.96340000000000003	0.89300000000000002
sub-0006_task-thermalactive_run-6_eeg	sub-0006	comb_subtracted	16	137	6	5.2400000000000002	3.6600000000000001	-11.92	-0.68999999999999995	0.99529000000000001	0.073209999999999997	2	0.89270000000000005	1	1	0.9516	0.88780000000000003
sub-0006_task-thermalactive_run-6_eeg	sub-0006	lines_declared	13	137	22	9.6199999999999992	3.6600000000000001	-11.09	0.089999999999999997	0.99548999999999999	0.071690000000000004	1	0.89270000000000005	1	1	0.96340000000000003	0.87919999999999998
sub-0007_task-thermalactive_run-1_eeg	sub-0007	notching	0	123	5	7.7199999999999998	0.56999999999999995	-22.379999999999999	0.16	0.99738000000000004	0.071800000000000003	3	1	1	1	0.90920000000000001	0.7671
sub-0007_task-thermalactive_run-1_eeg	sub-0007	notching_declared	0	123	28	32.009999999999998	-5.6299999999999999	-28.579999999999998	-6.6699999999999999	0.9667	0.25405	2	0.67820000000000003	0.76070000000000004	0.746	0.70520000000000005	0.55020000000000002
sub-0007_task-thermalactive_run-1_eeg	sub-0007	fixed_lines_only	5	123	14	28.309999999999999	0.56999999999999995	-4.9000000000000004	0.37	0.99802000000000002	0.062489999999999997	2	1	1	1	0.98170000000000002	0.93989999999999996
sub-0007_task-thermalactive_run-1_eeg	sub-0007	comb_subtracted	3	123	8	22.77	-1.48	-4.7599999999999998	0.33000000000000002	0.998	0.062770000000000006	3	1	1	1	0.98170000000000002	0.9718
sub-0007_task-thermalactive_run-1_eeg	sub-0007	lines_declared	5	123	5	3.2599999999999998	0.56999999999999995	-4.7300000000000004	0.37	0.99817999999999996	0.059929999999999997	2	1	1	1	0.98170000000000002	0.94079999999999997
sub-0007_task-thermalactive_run-2_eeg	sub-0007	notching	0	145	10	27.52	0.67000000000000004	-28.890000000000001	-0.40999999999999998	0.99756999999999996	0.069570000000000007	3	1	1	1	0.92159999999999997	0.73680000000000001
sub-0007_task-thermalactive_run-2_eeg	sub-0007	notching_declared	0	145	34	28.68	-6.1799999999999997	-30.829999999999998	-6.9900000000000002	0.97448999999999997	0.22417000000000001	2	0.67820000000000003	0.76070000000000004	0.746	0.69930000000000003	0.57799999999999996
sub-0007_task-thermalactive_run-2_eeg	sub-0007	fixed_lines_only	5	145	5	4.5499999999999998	0.67000000000000004	-6.1799999999999997	0.17000000000000001	0.99816000000000005	0.060499999999999998	2	1	1	1	1	0.94420000000000004
sub-0007_task-thermalactive_run-2_eeg	sub-0007	comb_subtracted	5	145	0	1.8	-1.78	-6.1799999999999997	-0.16	0.99804000000000004	0.062509999999999996	2	1	1	1	1	0.95220000000000005
sub-0007_task-thermalactive_run-2_eeg	sub-0007	lines_declared	5	145	5	4.5499999999999998	0.67000000000000004	-6.1799999999999997	0.17000000000000001	0.99816000000000005	0.060499999999999998	2	1	1	1	1	0.94420000000000004
sub-0007_task-thermalactive_run-3_eeg	sub-0007	notching	0	143	29	27.449999999999999	1.99	-29.030000000000001	0.070000000000000007	0.99794000000000005	0.063509999999999997	3	1	1	1	0.91569999999999996	0.74439999999999995
sub-0007_task-thermalactive_run-3_eeg	sub-0007	notching_declared	0	143	43	27.41	-6.1799999999999997	-29.719999999999999	-7.3200000000000003	0.97558	0.21754999999999999	2	0.67820000000000003	0.76070000000000004	0.746	0.69350000000000001	0.58089999999999997
sub-0007_task-thermalactive_run-3_eeg	sub-0007	fixed_lines_only	4	143	14	6.4800000000000004	1.99	-6.1799999999999997	0.16	0.99836000000000003	0.05663	2	1	1	1	1	0.9577
sub-0007_task-thermalactive_run-3_eeg	sub-0007	comb_subtracted	6	143	6	3.7799999999999998	-1.5	-6.25	-0.20000000000000001	0.99814999999999998	0.060150000000000002	2	1	1	1	0.98170000000000002	0.95750000000000002
sub-0007_task-thermalactive_run-3_eeg	sub-0007	lines_declared	4	143	9	6.4800000000000004	1.99	-6.0700000000000003	0.080000000000000002	0.99841000000000002	0.055759999999999997	2	1	1	1	1	0.9577
sub-0007_task-thermalactive_run-4_eeg	sub-0007	notching	0	127	20	26.719999999999999	0.22	-26.789999999999999	0.040000000000000001	0.99780999999999997	0.063119999999999996	2	1	1	1	0.92749999999999999	0.76349999999999996
sub-0007_task-thermalactive_run-4_eeg	sub-0007	notching_declared	0	127	23	28.489999999999998	-5.9000000000000004	-28.43	-7.1900000000000004	0.97413000000000005	0.21554000000000001	2	0.67820000000000003	0.76070000000000004	0.746	0.69930000000000003	0.60770000000000002
sub-0007_task-thermalactive_run-4_eeg	sub-0007	fixed_lines_only	6	127	19	25.09	0.22	-6.0199999999999996	0.13	0.99812999999999996	0.058229999999999997	2	1	1	1	0.98170000000000002	0.91180000000000005
sub-0007_task-thermalactive_run-4_eeg	sub-0007	comb_subtracted	4	127	12	22.199999999999999	-1.05	-5.7400000000000002	-0.089999999999999997	0.99814999999999998	0.058040000000000001	2	1	1	1	0.98170000000000002	0.93630000000000002
sub-0007_task-thermalactive_run-4_eeg	sub-0007	lines_declared	6	127	8	3.4100000000000001	0.22	-5.7300000000000004	0.12	0.99824999999999997	0.056430000000000001	2	1	1	1	0.98170000000000002	0.91269999999999996
sub-0007_task-thermalactive_run-5_eeg	sub-0007	notching	0	146	21	21.390000000000001	0.68000000000000005	-28.68	0.02	0.99870000000000003	0.046640000000000001	3	1	1	1	0.91569999999999996	0.77149999999999996
sub-0007_task-thermalactive_run-5_eeg	sub-0007	notching_declared	0	146	25	21.82	-5.3099999999999996	-28.52	-7	0.98211999999999999	0.17202000000000001	3	0.67820000000000003	0.76070000000000004	0.746	0.68759999999999999	0.60970000000000002
sub-0007_task-thermalactive_run-5_eeg	sub-0007	fixed_lines_only	8	146	15	19	0.68000000000000005	-7.96	0.13	0.99882000000000004	0.044420000000000001	2	1	1	1	0.98170000000000002	0.92889999999999995
sub-0007_task-thermalactive_run-5_eeg	sub-0007	comb_subtracted	9	146	8	18.989999999999998	-1.6000000000000001	-7.96	-0.059999999999999998	0.99870999999999999	0.04648	2	1	1	1	0.93989999999999996	0.94689999999999996
sub-0007_task-thermalactive_run-5_eeg	sub-0007	lines_declared	8	146	9	5.1399999999999997	0.68000000000000005	-7.96	0.13	0.99885000000000002	0.043779999999999999	2	1	1	1	0.98170000000000002	0.93000000000000005
sub-0007_task-thermalactive_run-6_eeg	sub-0007	notching	0	165	57	33.939999999999998	0.5	-32.850000000000001	-2.8999999999999999	0.97867000000000004	0.16705999999999999	3	0.69350000000000001	0.6895	0.746	0.63790000000000002	0.42570000000000002
sub-0007_task-thermalactive_run-6_eeg	sub-0007	notching_declared	0	165	59	25.030000000000001	-5.4500000000000002	-30.84	-6.7800000000000002	0.97809000000000001	0.16928000000000001	2	0.67820000000000003	0.76070000000000004	0.746	0.67579999999999996	0.54239999999999999
sub-0007_task-thermalactive_run-6_eeg	sub-0007	fixed_lines_only	8	165	11	6.6600000000000001	0.51000000000000001	-8.7799999999999994	0	0.99848000000000003	0.044880000000000003	2	1	1	1	0.95230000000000004	0.93500000000000005
sub-0007_task-thermalactive_run-6_eeg	sub-0007	comb_subtracted	10	165	5	2.4300000000000002	-1.6599999999999999	-8.7899999999999991	-0.20999999999999999	0.99836000000000003	0.046589999999999999	1	1	1	1	0.95230000000000004	0.92749999999999999
sub-0007_task-thermalactive_run-6_eeg	sub-0007	lines_declared	8	165	10	6.6600000000000001	0.51000000000000001	-8.7599999999999998	0	0.99848000000000003	0.044740000000000002	2	1	1	1	0.95230000000000004	0.93500000000000005
sub-0008_task-thermalactive_run-1_eeg	sub-0008	notching	0	156	28	31.809999999999999	1.0600000000000001	-31.84	-0.34000000000000002	0.99528000000000005	0.087730000000000002	3	1	1	1	0.9516	0.70630000000000004
sub-0008_task-thermalactive_run-1_eeg	sub-0008	notching_declared	0	156	52	31.350000000000001	-7.8399999999999999	-34.049999999999997	-6.71	0.98294000000000004	0.16628000000000001	2	0.67820000000000003	0.76070000000000004	0.746	0.69930000000000003	0.53549999999999998
sub-0008_task-thermalactive_run-1_eeg	sub-0008	fixed_lines_only	10	156	17	4.4800000000000004	1.0600000000000001	-8.8499999999999996	-0.040000000000000001	0.99594000000000005	0.0814	2	1	1	1	0.98170000000000002	0.9133
sub-0008_task-thermalactive_run-1_eeg	sub-0008	comb_subtracted	10	156	5	4.2199999999999998	-1.1699999999999999	-8.7599999999999998	-0.39000000000000001	0.99561999999999995	0.08455	2	1	1	1	1	0.92700000000000005
sub-0008_task-thermalactive_run-1_eeg	sub-0008	lines_declared	10	156	17	4.4800000000000004	1.0600000000000001	-8.8499999999999996	-0.040000000000000001	0.99594000000000005	0.0814	2	1	1	1	0.98170000000000002	0.9133
sub-0008_task-thermalactive_run-2_eeg	sub-0008	notching	0	171	58	35.789999999999999	0.63	-37.659999999999997	-3.0600000000000001	0.98311000000000004	0.15343999999999999	4	0.69350000000000001	0.6895	0.746	0.66339999999999999	0.40300000000000002
sub-0008_task-thermalactive_run-2_eeg	sub-0008	notching_declared	0	171	49	31.32	-6.5999999999999996	-35.130000000000003	-6.7400000000000002	0.98229999999999995	0.15703	3	0.67820000000000003	0.76070000000000004	0.746	0.68169999999999997	0.45850000000000002
sub-0008_task-thermalactive_run-2_eeg	sub-0008	fixed_lines_only	12	171	13	5.3600000000000003	0.62	-10.85	-0.089999999999999997	0.99592999999999998	0.075560000000000002	3	1	1	1	0.96989999999999998	0.89180000000000004
sub-0008_task-thermalactive_run-2_eeg	sub-0008	comb_subtracted	15	171	5	2.9500000000000002	0.62	-10.470000000000001	-0.42999999999999999	0.99556999999999995	0.078829999999999997	2	1	1	1	1	0.88280000000000003
sub-0008_task-thermalactive_run-2_eeg	sub-0008	lines_declared	12	171	13	5.3600000000000003	0.62	-10.85	-0.089999999999999997	0.99592999999999998	0.075560000000000002	3	1	1	1	0.96989999999999998	0.89180000000000004
sub-0008_task-thermalactive_run-3_eeg	sub-0008	notching	0	153	25	28.550000000000001	0.90000000000000002	-33.07	-6.3499999999999996	0.995	0.066360000000000002	3	1	1	1	0.95750000000000002	0.65600000000000003
sub-0008_task-thermalactive_run-3_eeg	sub-0008	notching_declared	0	153	47	29.760000000000002	-7.3499999999999996	-34.030000000000001	-7.7199999999999998	0.98211999999999999	0.12506	3	0.67820000000000003	0.76070000000000004	0.746	0.68100000000000005	0.52749999999999997
sub-0008_task-thermalactive_run-3_eeg	sub-0008	fixed_lines_only	18	153	20	7.29	0.90000000000000002	-10.48	0.28999999999999998	0.99531999999999998	0.064219999999999999	2	1	1	1	0.98170000000000002	0.87680000000000002
sub-0008_task-thermalactive_run-3_eeg	sub-0008	comb_subtracted	16	153	16	7.29	-0.53000000000000003	-10.48	-0.26000000000000001	0.99492999999999998	0.066839999999999997	2	1	1	1	1	0.89500000000000002
sub-0008_task-thermalactive_run-3_eeg	sub-0008	lines_declared	18	153	14	5.0800000000000001	0.90000000000000002	-10.470000000000001	0.28000000000000003	0.99534	0.064070000000000002	2	1	1	1	0.98170000000000002	0.87680000000000002
sub-0008_task-thermalactive_run-4_eeg	sub-0008	notching	0	168	25	34.359999999999999	6.4800000000000004	-32.729999999999997	-20.59	0.97038999999999997	0.15154000000000001	3	0.62839999999999996	0.9345	1	0.9516	0.66600000000000004
sub-0008_task-thermalactive_run-4_eeg	sub-0008	notching_declared	0	168	67	30.899999999999999	3.7999999999999998	-33.700000000000003	-7.3200000000000003	0.95416999999999996	0.18773999999999999	2	0.26819999999999999	0.69520000000000004	0.746	0.66990000000000005	0.46800000000000003
sub-0008_task-thermalactive_run-4_eeg	sub-0008	fixed_lines_only	19	168	26	9.1799999999999997	7.3200000000000003	-10.08	0.34000000000000002	0.96477999999999997	0.16502	3	0.22220000000000001	1	1	1	0.89510000000000001
sub-0008_task-thermalactive_run-4_eeg	sub-0008	comb_subtracted	18	168	15	9.3599999999999994	7.3200000000000003	-10.369999999999999	-0.14999999999999999	0.96442000000000005	0.16586999999999999	3	0.22220000000000001	1	1	1	0.89959999999999996
sub-0008_task-thermalactive_run-4_eeg	sub-0008	lines_declared	19	168	26	9.1799999999999997	7.3200000000000003	-10.08	0.34000000000000002	0.96477999999999997	0.16502	3	0.22220000000000001	1	1	1	0.89510000000000001
sub-0008_task-thermalactive_run-5_eeg	sub-0008	notching	0	160	31	32.170000000000002	0.89000000000000001	-32.609999999999999	-0.28000000000000003	0.99499000000000004	0.048520000000000001	5	1	1	1	0.93989999999999996	0.65710000000000002
sub-0008_task-thermalactive_run-5_eeg	sub-0008	notching_declared	0	160	52	30.140000000000001	-7.71	-33.340000000000003	-6.9800000000000004	0.98277999999999999	0.089709999999999998	2	0.67820000000000003	0.76070000000000004	0.746	0.66410000000000002	0.52149999999999996
sub-0008_task-thermalactive_run-5_eeg	sub-0008	fixed_lines_only	18	160	17	6.7999999999999998	0.89000000000000001	-11.6	0.34999999999999998	0.99553999999999998	0.045780000000000001	2	1	1	1	1	0.87880000000000003
sub-0008_task-thermalactive_run-5_eeg	sub-0008	comb_subtracted	18	160	6	3.8199999999999998	-0.56000000000000005	-11.58	-0.39000000000000001	0.99512	0.047899999999999998	4	1	1	1	1	0.90080000000000005
sub-0008_task-thermalactive_run-5_eeg	sub-0008	lines_declared	18	160	17	6.7999999999999998	0.89000000000000001	-11.6	0.34999999999999998	0.99553999999999998	0.045780000000000001	2	1	1	1	1	0.87880000000000003
sub-0008_task-thermalactive_run-6_eeg	sub-0008	notching	0	161	58	35.130000000000003	1.46	-35.280000000000001	-2.75	0.98043000000000002	0.08856	6	0.69350000000000001	0.6895	0.746	0.66859999999999997	0.4451
sub-0008_task-thermalactive_run-6_eeg	sub-0008	notching_declared	0	161	40	29.050000000000001	-6.6100000000000003	-33.960000000000001	-6.8600000000000003	0.97943000000000002	0.09078	3	0.67820000000000003	0.76070000000000004	0.746	0.65820000000000001	0.52549999999999997
sub-0008_task-thermalactive_run-6_eeg	sub-0008	fixed_lines_only	15	161	15	5.5199999999999996	1.46	-10.08	0.60999999999999999	0.99560999999999999	0.042090000000000002	2	1	1	1	1	0.89500000000000002
sub-0008_task-thermalactive_run-6_eeg	sub-0008	comb_subtracted	18	161	10	3.1099999999999999	0.33000000000000002	-10.289999999999999	0.040000000000000001	0.99495999999999996	0.045089999999999998	3	1	1	1	1	0.88
sub-0008_task-thermalactive_run-6_eeg	sub-0008	lines_declared	15	161	15	5.5199999999999996	1.46	-10.08	0.60999999999999999	0.99560999999999999	0.042090000000000002	2	1	1	1	1	0.89500000000000002
sub-0009_task-thermalactive_run-1_eeg	sub-0009	notching	0	167	33	32.539999999999999	1.4099999999999999	-34.259999999999998	-7.3399999999999999	0.98194999999999999	0.18769	5	0.69350000000000001	0.6895	0.746	0.68820000000000003	0.45000000000000001
sub-0009_task-thermalactive_run-1_eeg	sub-0009	notching_declared	0	167	40	26.609999999999999	-5.4800000000000004	-30.43	-7.0099999999999998	0.98406000000000005	0.17648	3	0.67820000000000003	0.76070000000000004	0.746	0.71109999999999995	0.55910000000000004
sub-0009_task-thermalactive_run-1_eeg	sub-0009	fixed_lines_only	10	167	2	3.1800000000000002	1.4099999999999999	-7.8799999999999999	-0.33000000000000002	0.99819999999999998	0.059560000000000002	2	1	1	1	1	0.93430000000000002
sub-0009_task-thermalactive_run-1_eeg	sub-0009	comb_subtracted	10	167	0	1.8600000000000001	0.71999999999999997	-7.7800000000000002	-0.51000000000000001	0.99817999999999996	0.05978	2	1	1	1	1	0.95399999999999996
sub-0009_task-thermalactive_run-1_eeg	sub-0009	lines_declared	10	167	2	3.1800000000000002	1.4099999999999999	-7.8799999999999999	-0.33000000000000002	0.99819999999999998	0.059560000000000002	2	1	1	1	1	0.93430000000000002
sub-0009_task-thermalactive_run-2_eeg	sub-0009	notching	0	159	23	27.620000000000001	0.14000000000000001	-31.539999999999999	-5.3799999999999999	0.99634	0.074980000000000005	3	1	1	1	0.93989999999999996	0.69340000000000002
sub-0009_task-thermalactive_run-2_eeg	sub-0009	notching_declared	0	159	47	30.25	-6.9500000000000002	-32.939999999999998	-6.6500000000000004	0.96403000000000005	0.23307	2	0.67820000000000003	0.76070000000000004	0.746	0.71109999999999995	0.50790000000000002
sub-0009_task-thermalactive_run-2_eeg	sub-0009	fixed_lines_only	13	159	10	7.1600000000000001	0.14000000000000001	-8.7300000000000004	0.35999999999999999	0.99678	0.070279999999999995	2	1	1	1	1	0.90400000000000003
sub-0009_task-thermalactive_run-2_eeg	sub-0009	comb_subtracted	14	159	5	7.1799999999999997	0.14000000000000001	-8.5999999999999996	0.13	0.99675000000000002	0.070660000000000001	3	1	1	1	1	0.91649999999999998
sub-0009_task-thermalactive_run-2_eeg	sub-0009	lines_declared	13	159	10	7.1799999999999997	0.14000000000000001	-8.7300000000000004	0.34999999999999998	0.99678	0.070349999999999996	1	1	1	1	1	0.90200000000000002
sub-0009_task-thermalactive_run-3_eeg	sub-0009	notching	0	178	16	27.109999999999999	0.029999999999999999	-31.41	-23.899999999999999	0.99585000000000001	0.07127	3	1	1	1	0.92159999999999997	0.70050000000000001
sub-0009_task-thermalactive_run-3_eeg	sub-0009	notching_declared	0	178	57	30.649999999999999	-6.9199999999999999	-31.710000000000001	-7.9199999999999999	0.97216000000000002	0.18343000000000001	2	0.67820000000000003	0.76070000000000004	0.746	0.69930000000000003	0.55289999999999995
sub-0009_task-thermalactive_run-3_eeg	sub-0009	fixed_lines_only	11	178	9	4.7300000000000004	0.029999999999999999	-9.1699999999999999	-0.57999999999999996	0.99648000000000003	0.065610000000000002	2	1	1	1	1	0.89700000000000002
sub-0009_task-thermalactive_run-3_eeg	sub-0009	comb_subtracted	11	178	10	25.18	0.029999999999999999	-9.1699999999999999	-0.39000000000000001	0.99636999999999998	0.066600000000000006	2	1	1	1	1	0.91879999999999995
sub-0009_task-thermalactive_run-3_eeg	sub-0009	lines_declared	11	178	8	7.4800000000000004	-1.96	-12.619999999999999	-6.2699999999999996	0.97269000000000005	0.1817	2	0.67820000000000003	0.76070000000000004	0.746	0.73460000000000003	0.63400000000000001
sub-0009_task-thermalactive_run-4_eeg	sub-0009	notching	0	185	42	26.629999999999999	0.69999999999999996	-35.420000000000002	-10.6	0.96674000000000004	0.17465	5	0.69350000000000001	0.6895	0.746	0.68820000000000003	0.45579999999999998
sub-0009_task-thermalactive_run-4_eeg	sub-0009	notching_declared	0	185	51	28.809999999999999	-5.6699999999999999	-33.670000000000002	-7.2199999999999998	0.96801000000000004	0.17133000000000001	2	0.67820000000000003	0.76070000000000004	0.746	0.71109999999999995	0.53149999999999997
sub-0009_task-thermalactive_run-4_eeg	sub-0009	fixed_lines_only	8	185	13	9.8200000000000003	0.70999999999999996	-10.029999999999999	0.14000000000000001	0.99704000000000004	0.05253	3	1	1	1	1	0.90769999999999995
sub-0009_task-thermalactive_run-4_eeg	sub-0009	comb_subtracted	11	185	5	9.8300000000000001	0.70999999999999996	-10.19	-0.42999999999999999	0.99685000000000001	0.054129999999999998	3	1	1	1	1	0.89949999999999997
sub-0009_task-thermalactive_run-4_eeg	sub-0009	lines_declared	8	185	13	9.8200000000000003	0.70999999999999996	-10.029999999999999	0.14000000000000001	0.99704000000000004	0.05253	1	1	1	1	1	0.90769999999999995
sub-0009_task-thermalactive_run-5_eeg	sub-0009	notching	0	151	40	25.579999999999998	0.38	-32.329999999999998	-4.4199999999999999	0.97813000000000005	0.15825	5	0.69350000000000001	0.6895	0.746	0.68820000000000003	0.4919
sub-0009_task-thermalactive_run-5_eeg	sub-0009	notching_declared	0	151	53	28.870000000000001	-6.5300000000000002	-29.870000000000001	-6.9199999999999999	0.97824	0.15784999999999999	2	0.67820000000000003	0.76070000000000004	0.746	0.71109999999999995	0.57830000000000004
sub-0009_task-thermalactive_run-5_eeg	sub-0009	fixed_lines_only	9	151	16	4.2300000000000004	0.38	-7.9800000000000004	-0.11	0.99817999999999996	0.045850000000000002	3	1	1	1	1	0.93049999999999999
sub-0009_task-thermalactive_run-5_eeg	sub-0009	comb_subtracted	6	151	12	2.8100000000000001	0.38	-7.5099999999999998	-0.16	0.99817	0.045960000000000001	2	1	1	1	1	0.94850000000000001
sub-0009_task-thermalactive_run-5_eeg	sub-0009	lines_declared	9	151	11	4.2300000000000004	0.38	-7.9699999999999998	-0.22	0.99831999999999999	0.044089999999999997	3	1	1	1	1	0.93049999999999999
sub-0009_task-thermalactive_run-6_eeg	sub-0009	notching	0	167	22	26.609999999999999	0.69999999999999996	-31.52	-6.2000000000000002	0.99741999999999997	0.044510000000000001	3	1	1	1	0.93989999999999996	0.73680000000000001
sub-0009_task-thermalactive_run-6_eeg	sub-0009	notching_declared	0	167	39	29.460000000000001	-6.3200000000000003	-32.990000000000002	-6.6600000000000001	0.95650000000000002	0.18085999999999999	2	0.67820000000000003	0.76070000000000004	0.38319999999999999	0.71109999999999995	0.56689999999999996
sub-0009_task-thermalactive_run-6_eeg	sub-0009	fixed_lines_only	4	167	12	5.6299999999999999	0.69999999999999996	-10.199999999999999	0.01	0.99770000000000003	0.042000000000000003	2	1	1	1	0.98170000000000002	0.92649999999999999
sub-0009_task-thermalactive_run-6_eeg	sub-0009	comb_subtracted	5	167	8	5.7800000000000002	0.47999999999999998	-10.199999999999999	-0.23000000000000001	0.99755000000000005	0.043409999999999997	4	1	1	1	0.98170000000000002	0.92759999999999998
sub-0009_task-thermalactive_run-6_eeg	sub-0009	lines_declared	4	167	12	5.6299999999999999	0.69999999999999996	-10.199999999999999	0.01	0.98307999999999995	0.11358	2	1	1	0.52829999999999999	0.98170000000000002	0.92649999999999999
sub-0010_task-thermalactive_run-1_eeg	sub-0010	notching	0	109	45	36.640000000000001	2.1600000000000001	-28.559999999999999	0.14000000000000001	0.95445000000000002	0.29826000000000003	4	0.69350000000000001	0.6895	0.746	0.67779999999999996	0.4783
sub-0010_task-thermalactive_run-1_eeg	sub-0010	notching_declared	0	109	29	35.07	-5.0899999999999999	-26.629999999999999	-5.96	0.95730000000000004	0.28900999999999999	2	0.67820000000000003	0.76070000000000004	0.746	0.71109999999999995	0.50349999999999995
sub-0010_task-thermalactive_run-1_eeg	sub-0010	fixed_lines_only	5	109	27	32.289999999999999	2.1600000000000001	-4.1399999999999997	0.44	0.99489000000000005	0.10098	4	1	1	1	1	0.86019999999999996
sub-0010_task-thermalactive_run-1_eeg	sub-0010	comb_subtracted	11	109	20	32.299999999999997	1.6499999999999999	-4.7400000000000002	0.029999999999999999	0.99431000000000003	0.10645	3	1	1	1	1	0.83919999999999995
sub-0010_task-thermalactive_run-1_eeg	sub-0010	lines_declared	5	109	27	11.619999999999999	2.1600000000000001	-4.1399999999999997	0.44	0.99495	0.10034999999999999	4	1	1	1	1	0.86019999999999996
sub-0010_task-thermalactive_run-2_eeg	sub-0010	notching	0	142	54	33.159999999999997	1.0600000000000001	-32.82	-0.050000000000000003	0.96174000000000004	0.25045000000000001	3	0.69350000000000001	0.6895	0.746	0.69869999999999999	0.46179999999999999
sub-0010_task-thermalactive_run-2_eeg	sub-0010	notching_declared	0	142	27	27.649999999999999	-5.3200000000000003	-29.609999999999999	-6.71	0.96379000000000004	0.24378	2	0.67820000000000003	0.76070000000000004	0.746	0.71699999999999997	0.54659999999999997
sub-0010_task-thermalactive_run-2_eeg	sub-0010	fixed_lines_only	10	142	21	32.780000000000001	1.05	-7.9699999999999998	0.080000000000000002	0.99705999999999995	0.07009	2	1	1	1	0.9788	0.84950000000000003
sub-0010_task-thermalactive_run-2_eeg	sub-0010	comb_subtracted	11	142	13	32.770000000000003	1.05	-7.9699999999999998	-0.080000000000000002	0.99690000000000001	0.071940000000000004	2	1	1	1	1	0.84450000000000003
sub-0010_task-thermalactive_run-2_eeg	sub-0010	lines_declared	10	142	11	5.5999999999999996	1.05	-7.9400000000000004	0.01	0.99712999999999996	0.069159999999999999	2	1	1	1	0.9788	0.88859999999999995
sub-0010_task-thermalactive_run-3_eeg	sub-0010	notching	0	128	53	33.189999999999998	-0.55000000000000004	-30.690000000000001	-0.56000000000000005	0.96840000000000004	0.20501	3	0.69350000000000001	0.6895	0.746	0.62219999999999998	0.45400000000000001
sub-0010_task-thermalactive_run-3_eeg	sub-0010	notching_declared	0	128	19	29.640000000000001	-6.4699999999999998	-28.719999999999999	-6.75	0.97258999999999995	0.19114999999999999	3	0.67820000000000003	0.68379999999999996	0.746	0.73460000000000003	0.54459999999999997
sub-0010_task-thermalactive_run-3_eeg	sub-0010	fixed_lines_only	10	128	16	3.9900000000000002	-0.55000000000000004	-6.0599999999999996	0.34000000000000002	0.99582999999999999	0.075029999999999999	3	1	1	1	0.86409999999999998	0.89059999999999995
sub-0010_task-thermalactive_run-3_eeg	sub-0010	comb_subtracted	12	128	5	3.1600000000000001	-0.55000000000000004	-6.0899999999999999	-0.050000000000000003	0.99570999999999998	0.076069999999999999	2	1	1	1	0.86409999999999998	0.89580000000000004
sub-0010_task-thermalactive_run-3_eeg	sub-0010	lines_declared	10	128	13	3.9900000000000002	1.49	-5.8499999999999996	0.35999999999999999	0.99707999999999997	0.062770000000000006	2	1	1	1	1	0.89100000000000001
sub-0010_task-thermalactive_run-4_eeg	sub-0010	notching	0	141	49	30.48	1.0900000000000001	-33.109999999999999	-0.93999999999999995	0.95625000000000004	0.21324000000000001	3	0.69350000000000001	0.6895	0.746	0.69869999999999999	0.45889999999999997
sub-0010_task-thermalactive_run-4_eeg	sub-0010	notching_declared	0	141	36	27.190000000000001	-6.4299999999999997	-31.079999999999998	-6.8799999999999999	0.95901000000000003	0.20655000000000001	2	0.67820000000000003	0.76070000000000004	0.746	0.71699999999999997	0.52100000000000002
sub-0010_task-thermalactive_run-4_eeg	sub-0010	fixed_lines_only	9	141	15	6.5800000000000001	1.1000000000000001	-7.4699999999999998	0.25	0.99672000000000005	0.059020000000000003	3	1	1	1	1	0.90549999999999997
sub-0010_task-thermalactive_run-4_eeg	sub-0010	comb_subtracted	10	141	5	5.9000000000000004	0.77000000000000002	-7.4699999999999998	-0.17000000000000001	0.99650000000000005	0.060970000000000003	3	1	1	1	1	0.89459999999999995
sub-0010_task-thermalactive_run-4_eeg	sub-0010	lines_declared	9	141	16	8.1099999999999994	1.1000000000000001	-7.4699999999999998	0.22	0.99670999999999998	0.059040000000000002	1	1	1	1	1	0.90349999999999997
sub-0010_task-thermalactive_run-5_eeg	sub-0010	notching	0	130	61	33.990000000000002	-0.11	-32.399999999999999	-0.40000000000000002	0.96399999999999997	0.17241999999999999	3	0.69350000000000001	0.6895	0.746	0.61699999999999999	0.43290000000000001
sub-0010_task-thermalactive_run-5_eeg	sub-0010	notching_declared	0	130	16	28.289999999999999	-6.1299999999999999	-28.440000000000001	-6.8600000000000003	0.9677	0.16347999999999999	2	0.67820000000000003	0.76070000000000004	0.746	0.73460000000000003	0.5504
sub-0010_task-thermalactive_run-5_eeg	sub-0010	fixed_lines_only	12	130	54	17.780000000000001	-0.11	-8.0399999999999991	-0.11	0.96428000000000003	0.17177000000000001	3	0.69350000000000001	0.6895	0.746	0.57520000000000004	0.63139999999999996
sub-0010_task-thermalactive_run-5_eeg	sub-0010	comb_subtracted	13	130	50	30.300000000000001	-0.11	-7.9800000000000004	-0.31	0.96423000000000003	0.17188000000000001	3	0.69350000000000001	0.6895	0.746	0.57520000000000004	0.63400000000000001
sub-0010_task-thermalactive_run-5_eeg	sub-0010	lines_declared	12	130	16	5.1900000000000004	1.1100000000000001	-7.2199999999999998	0.40999999999999998	0.99687000000000003	0.051279999999999999	3	1	1	1	0.94640000000000002	0.88549999999999995
sub-0010_task-thermalactive_run-6_eeg	sub-0010	notching	0	141	47	32.159999999999997	0.48999999999999999	-33.039999999999999	-0.40999999999999998	0.96872000000000003	0.14104	6	0.69350000000000001	0.6895	0.746	0.67449999999999999	0.45340000000000003
sub-0010_task-thermalactive_run-6_eeg	sub-0010	notching_declared	0	141	58	26.440000000000001	-6.8200000000000003	-31.82	-6.7699999999999996	0.97131000000000001	0.13517000000000001	3	0.67820000000000003	0.76070000000000004	0.746	0.70520000000000005	0.49519999999999997
sub-0010_task-thermalactive_run-6_eeg	sub-0010	fixed_lines_only	9	141	18	5.3399999999999999	-2.3900000000000001	-7.5300000000000002	-0.070000000000000007	0.99604000000000004	0.050560000000000001	2	1	1	1	0.8458	0.91549999999999998
sub-0010_task-thermalactive_run-6_eeg	sub-0010	comb_subtracted	14	141	4	5.5700000000000003	0.080000000000000002	-7.6799999999999997	-0.41999999999999998	0.99697999999999998	0.044159999999999998	3	1	1	1	1	0.88660000000000005
sub-0010_task-thermalactive_run-6_eeg	sub-0010	lines_declared	9	141	14	5.5700000000000003	0.48999999999999999	-7.5300000000000002	0.13	0.99721000000000004	0.042410000000000003	1	1	1	1	1	0.91349999999999998
sub-0011_task-thermalactive_run-1_eeg	sub-0011	notching	0	154	52	32.869999999999997	1.9299999999999999	-32.719999999999999	-1.3799999999999999	0.96074000000000004	0.26744000000000001	4	0.69350000000000001	0.6895	0.746	0.68300000000000005	0.43709999999999999
sub-0011_task-thermalactive_run-1_eeg	sub-0011	notching_declared	0	154	46	32.609999999999999	-6.3600000000000003	-31.190000000000001	-7.2300000000000004	0.96841999999999995	0.24032000000000001	2	0.67820000000000003	0.76070000000000004	0.746	0.71699999999999997	0.54059999999999997
sub-0011_task-thermalactive_run-1_eeg	sub-0011	fixed_lines_only	5	154	9	6.5800000000000001	1.95	-7.0800000000000001	0.070000000000000007	0.99590000000000001	0.087230000000000002	1	1	1	1	0.98170000000000002	0.9395
sub-0011_task-thermalactive_run-1_eeg	sub-0011	comb_subtracted	8	154	6	2.5699999999999998	0.41999999999999998	-7.1799999999999997	-0.81000000000000005	0.99531000000000003	0.093219999999999997	1	1	1	1	0.9788	0.93430000000000002
sub-0011_task-thermalactive_run-1_eeg	sub-0011	lines_declared	5	154	10	6.5999999999999996	1.95	-7.1900000000000004	0.070000000000000007	0.99585000000000001	0.087770000000000001	1	1	1	1	0.98170000000000002	0.92369999999999997
sub-0011_task-thermalactive_run-2_eeg	sub-0011	notching	0	131	41	33.030000000000001	2.1499999999999999	-30.5	-1.52	0.91515999999999997	0.32873000000000002	3	0.27589999999999998	0.61539999999999995	0.746	0.68430000000000002	0.47739999999999999
sub-0011_task-thermalactive_run-2_eeg	sub-0011	notching_declared	0	131	30	33.700000000000003	11.92	-29.129999999999999	-6.79	0.94889999999999997	0.25735999999999998	3	0.57469999999999999	0.76070000000000004	0.746	0.7288	0.59230000000000005
sub-0011_task-thermalactive_run-2_eeg	sub-0011	fixed_lines_only	6	131	8	6.5899999999999999	11.92	-5.5300000000000002	0.37	0.98099999999999998	0.15823000000000001	1	0.89270000000000005	1	1	1	0.9506
sub-0011_task-thermalactive_run-2_eeg	sub-0011	comb_subtracted	7	131	0	1.8400000000000001	11.92	-5.5300000000000002	-0	0.98031000000000001	0.16103999999999999	3	0.89270000000000005	1	1	1	0.94379999999999997
sub-0011_task-thermalactive_run-2_eeg	sub-0011	lines_declared	6	131	8	6.5899999999999999	11.92	-5.5300000000000002	0.37	0.98099999999999998	0.15823000000000001	1	0.89270000000000005	1	1	1	0.9506
sub-0011_task-thermalactive_run-3_eeg	sub-0011	notching	0	99	35	40.530000000000001	2.48	-29.690000000000001	0	0.95752999999999999	0.19578000000000001	5	0.69350000000000001	0.6895	0.746	0.69999999999999996	0.49249999999999999
sub-0011_task-thermalactive_run-3_eeg	sub-0011	notching_declared	0	99	32	32.549999999999997	-5.4500000000000002	-14.31	-6.1699999999999999	0.96804999999999997	0.17025999999999999	3	0.67820000000000003	0.76070000000000004	0.746	0.72289999999999999	0.52990000000000004
sub-0011_task-thermalactive_run-3_eeg	sub-0011	fixed_lines_only	4	99	8	5.54	2.48	-4.0199999999999996	0.41999999999999998	0.99521999999999999	0.066320000000000004	2	1	1	1	1	0.93130000000000002
sub-0011_task-thermalactive_run-3_eeg	sub-0011	comb_subtracted	4	99	0	1.78	1.1100000000000001	-4.0899999999999999	0.31	0.99461999999999995	0.070330000000000004	2	1	1	1	0.98170000000000002	0.95299999999999996
sub-0011_task-thermalactive_run-3_eeg	sub-0011	lines_declared	4	99	8	5.54	2.48	-4.0199999999999996	0.41999999999999998	0.99521999999999999	0.066320000000000004	2	1	1	1	1	0.93130000000000002
sub-0011_task-thermalactive_run-4_eeg	sub-0011	notching	0	178	65	39.100000000000001	2.77	-35.659999999999997	-3.8799999999999999	0.96021999999999996	0.14616000000000001	4	0.69350000000000001	0.6895	0.746	0.66080000000000005	0.40529999999999999
sub-0011_task-thermalactive_run-4_eeg	sub-0011	notching_declared	0	178	59	34.219999999999999	-5.4400000000000004	-32.829999999999998	-6.9900000000000002	0.96577000000000002	0.13577	3	0.67820000000000003	0.76070000000000004	0.746	0.69930000000000003	0.52859999999999996
sub-0011_task-thermalactive_run-4_eeg	sub-0011	fixed_lines_only	11	178	69	30.170000000000002	2.77	-9.6199999999999992	-0.35999999999999999	0.96145000000000003	0.14391999999999999	3	0.69350000000000001	0.6895	0.746	0.71630000000000005	0.61319999999999997
sub-0011_task-thermalactive_run-4_eeg	sub-0011	comb_subtracted	16	178	62	35.689999999999998	1.48	-10.02	-0.75	0.96106000000000003	0.14463999999999999	3	0.69350000000000001	0.6895	0.746	0.71630000000000005	0.59540000000000004
sub-0011_task-thermalactive_run-4_eeg	sub-0011	lines_declared	11	178	33	8.3900000000000006	2.77	-8.5099999999999998	-0.26000000000000001	0.99477000000000004	0.053469999999999997	2	1	1	1	1	0.88319999999999999
sub-0011_task-thermalactive_run-5_eeg	sub-0011	notching	0	130	41	41.43	2.3300000000000001	-32.32	-0.54000000000000004	0.96884999999999999	0.11848	4	0.69350000000000001	0.6895	0.746	0.67059999999999997	0.45689999999999997
sub-0011_task-thermalactive_run-5_eeg	sub-0011	notching_declared	0	130	31	31.940000000000001	-5.4800000000000004	-30.41	-6.79	0.97124999999999995	0.11389000000000001	3	0.67820000000000003	0.76070000000000004	0.746	0.71109999999999995	0.54090000000000005
sub-0011_task-thermalactive_run-5_eeg	sub-0011	fixed_lines_only	8	130	16	6.4100000000000001	2.3399999999999999	-5.7999999999999998	0.52000000000000002	0.99497999999999998	0.047899999999999998	2	1	1	1	0.95820000000000005	0.93700000000000006
sub-0011_task-thermalactive_run-5_eeg	sub-0011	comb_subtracted	10	130	5	3.0699999999999998	1.0700000000000001	-5.7300000000000004	-0.040000000000000001	0.99455000000000005	0.049869999999999998	1	1	1	1	0.95820000000000005	0.9335
sub-0011_task-thermalactive_run-5_eeg	sub-0011	lines_declared	8	130	25	11.94	2.3399999999999999	-5.7999999999999998	0.37	0.99480999999999997	0.048649999999999999	1	1	1	1	0.95820000000000005	0.91720000000000002
sub-0011_task-thermalactive_run-6_eeg	sub-0011	notching	0	169	66	39.890000000000001	2.4500000000000002	-35.590000000000003	-1.04	0.97123999999999999	0.09604	4	0.69350000000000001	0.6895	0.746	0.67059999999999997	0.40260000000000001
sub-0011_task-thermalactive_run-6_eeg	sub-0011	notching_declared	0	169	54	34.280000000000001	-5.7199999999999998	-31.75	-6.5800000000000001	0.97299000000000002	0.093119999999999994	2	0.67820000000000003	0.76070000000000004	0.746	0.60650000000000004	0.53239999999999998
sub-0011_task-thermalactive_run-6_eeg	sub-0011	fixed_lines_only	13	169	30	7.1299999999999999	2.4399999999999999	-8.5999999999999996	-0.76000000000000001	0.99565000000000003	0.037580000000000002	2	1	1	1	1	0.86650000000000005
sub-0011_task-thermalactive_run-6_eeg	sub-0011	comb_subtracted	17	169	18	7.0599999999999996	1.48	-8.9800000000000004	-1.1100000000000001	0.99492000000000003	0.040599999999999997	2	1	1	1	0.98170000000000002	0.83799999999999997
sub-0011_task-thermalactive_run-6_eeg	sub-0011	lines_declared	13	169	30	7.1299999999999999	2.4399999999999999	-8.5999999999999996	-0.76000000000000001	0.99565000000000003	0.037580000000000002	2	1	1	1	1	0.86650000000000005
sub-0012_task-thermalactive_run-1_eeg	sub-0012	notching	0	110	53	32.950000000000003	1.3799999999999999	-28.870000000000001	-0.080000000000000002	0.98801000000000005	0.15287999999999999	3	0.69350000000000001	0.6895	0.746	0.61050000000000004	0.45619999999999999
sub-0012_task-thermalactive_run-1_eeg	sub-0012	notching_declared	0	110	22	24.859999999999999	-3.21	-26.140000000000001	-6.7800000000000002	0.98919999999999997	0.14510000000000001	2	0.67820000000000003	0.76070000000000004	0.746	0.72289999999999999	0.54090000000000005
sub-0012_task-thermalactive_run-1_eeg	sub-0012	fixed_lines_only	8	110	33	11.02	1.3799999999999999	-6.0899999999999999	-0.040000000000000001	0.98826000000000003	0.15125	4	0.69350000000000001	0.6895	0.746	0.62219999999999998	0.67689999999999995
sub-0012_task-thermalactive_run-1_eeg	sub-0012	comb_subtracted	11	110	35	11.02	1.3799999999999999	-6.4000000000000004	-0.31	0.98821000000000003	0.15157000000000001	4	0.69350000000000001	0.6895	0.746	0.62219999999999998	0.64849999999999997
sub-0012_task-thermalactive_run-1_eeg	sub-0012	lines_declared	8	110	9	6.7800000000000002	3.0299999999999998	-4.7800000000000002	0.19	0.99895999999999996	0.045130000000000003	1	1	1	1	1	0.92569999999999997
sub-0012_task-thermalactive_run-2_eeg	sub-0012	notching	0	128	47	30.870000000000001	1.3500000000000001	-29.739999999999998	-0.040000000000000001	0.98977999999999999	0.14260999999999999	3	0.69350000000000001	0.6895	0.746	0.62219999999999998	0.47670000000000001
sub-0012_task-thermalactive_run-2_eeg	sub-0012	notching_declared	0	128	34	30.690000000000001	-4.2599999999999998	-28.359999999999999	-6.6500000000000004	0.99016000000000004	0.13994000000000001	3	0.67820000000000003	0.76070000000000004	0.746	0.73460000000000003	0.49630000000000002
sub-0012_task-thermalactive_run-2_eeg	sub-0012	fixed_lines_only	6	128	43	8.6099999999999994	1.3500000000000001	-7.1299999999999999	-0.26000000000000001	0.98992000000000002	0.14162	2	0.69350000000000001	0.6895	0.746	0.62219999999999998	0.63039999999999996
sub-0012_task-thermalactive_run-2_eeg	sub-0012	comb_subtracted	9	128	31	10.789999999999999	1.3500000000000001	-7.1299999999999999	-0.31	0.98990999999999996	0.14169000000000001	2	0.69350000000000001	0.6895	0.746	0.62219999999999998	0.64119999999999999
sub-0012_task-thermalactive_run-2_eeg	sub-0012	lines_declared	6	128	13	25.879999999999999	3.0699999999999998	-5.5899999999999999	0.17000000000000001	0.99922999999999995	0.039320000000000001	3	1	1	1	1	0.88670000000000004
sub-0012_task-thermalactive_run-3_eeg	sub-0012	notching	0	142	49	28.960000000000001	2.4300000000000002	-33.590000000000003	-0.20999999999999999	0.96462000000000003	0.25989000000000001	3	0.69350000000000001	0.6895	0.746	0.69020000000000004	0.47210000000000002
sub-0012_task-thermalactive_run-3_eeg	sub-0012	notching_declared	0	142	13	29.050000000000001	-4.1900000000000004	-31.210000000000001	-7.0499999999999998	0.96355000000000002	0.26369999999999999	2	0.67820000000000003	0.76070000000000004	0.746	0.71109999999999995	0.52880000000000005
sub-0012_task-thermalactive_run-3_eeg	sub-0012	fixed_lines_only	9	142	16	6.2199999999999998	2.4300000000000002	-7.9299999999999997	0.26000000000000001	0.99690999999999996	0.077490000000000003	2	1	1	1	0.98170000000000002	0.91849999999999998
sub-0012_task-thermalactive_run-3_eeg	sub-0012	comb_subtracted	9	142	9	5.29	1.5800000000000001	-7.9000000000000004	-0.029999999999999999	0.99670999999999998	0.079880000000000007	1	1	1	1	1	0.92049999999999998
sub-0012_task-thermalactive_run-3_eeg	sub-0012	lines_declared	9	142	9	6.2199999999999998	2.4300000000000002	-7.9000000000000004	0.22	0.99695	0.076939999999999995	2	1	1	1	0.98170000000000002	0.91849999999999998
sub-0012_task-thermalactive_run-4_eeg	sub-0012	notching	0	150	53	34.630000000000003	2.4300000000000002	-32.640000000000001	-0.87	0.96428000000000003	0.25242999999999999	4	0.69350000000000001	0.6895	0.746	0.7046	0.45889999999999997
sub-0012_task-thermalactive_run-4_eeg	sub-0012	notching_declared	0	150	66	29.190000000000001	-4.0700000000000003	-32.020000000000003	-6.9100000000000001	0.96816000000000002	0.23855999999999999	2	0.67820000000000003	0.76070000000000004	0.746	0.72289999999999999	0.51500000000000001
sub-0012_task-thermalactive_run-4_eeg	sub-0012	fixed_lines_only	7	150	13	6.2300000000000004	2.4300000000000002	-8.3399999999999999	0.39000000000000001	0.99661999999999995	0.078299999999999995	2	1	1	1	1	0.90529999999999999
sub-0012_task-thermalactive_run-4_eeg	sub-0012	comb_subtracted	9	150	4	3.2799999999999998	2.4300000000000002	-8.7699999999999996	-0.14999999999999999	0.99643999999999999	0.080360000000000001	3	1	1	1	1	0.90449999999999997
sub-0012_task-thermalactive_run-4_eeg	sub-0012	lines_declared	7	150	10	6.2300000000000004	2.4300000000000002	-8.25	0.42999999999999999	0.99665999999999999	0.077869999999999995	1	1	1	1	1	0.90329999999999999
sub-0012_task-thermalactive_run-5_eeg	sub-0012	notching	0	148	58	34.32	2.8999999999999999	-31.379999999999999	-0.82999999999999996	0.96057000000000003	0.25840000000000002	3	0.69350000000000001	0.6895	0.746	0.70520000000000005	0.45090000000000002
sub-0012_task-thermalactive_run-5_eeg	sub-0012	notching_declared	0	148	47	31.27	-4.8499999999999996	-30.300000000000001	-6.8399999999999999	0.96203000000000005	0.25364999999999999	2	0.67820000000000003	0.76070000000000004	0.746	0.7288	0.50790000000000002
sub-0012_task-thermalactive_run-5_eeg	sub-0012	fixed_lines_only	7	148	8	5.6699999999999999	2.8999999999999999	-7.1200000000000001	-0.050000000000000003	0.99575000000000002	0.085580000000000003	2	1	1	1	0.9788	0.9113
sub-0012_task-thermalactive_run-5_eeg	sub-0012	comb_subtracted	6	148	2	2.3399999999999999	2.4199999999999999	-7.04	-0.28999999999999998	0.99553000000000003	0.087739999999999999	1	1	1	1	0.9758	0.94099999999999995
sub-0012_task-thermalactive_run-5_eeg	sub-0012	lines_declared	7	148	8	5.6699999999999999	2.8999999999999999	-7.1200000000000001	-0.050000000000000003	0.99575000000000002	0.085580000000000003	2	1	1	1	0.9788	0.9113
sub-0012_task-thermalactive_run-6_eeg	sub-0012	notching	0	160	46	29.620000000000001	3.1400000000000001	-32.880000000000003	-1.4099999999999999	0.96142000000000005	0.24439	4	0.69350000000000001	0.6895	0.746	0.7046	0.45200000000000001
sub-0012_task-thermalactive_run-6_eeg	sub-0012	notching_declared	0	160	35	25.699999999999999	-4.0899999999999999	-32.420000000000002	-7.0199999999999996	0.95923999999999998	0.25106000000000001	3	0.67820000000000003	0.76070000000000004	0.746	0.72289999999999999	0.52280000000000004
sub-0012_task-thermalactive_run-6_eeg	sub-0012	fixed_lines_only	11	160	15	10.01	3.1400000000000001	-9.6899999999999995	0.040000000000000001	0.99675000000000002	0.071540000000000006	2	1	1	1	0.96989999999999998	0.89790000000000003
sub-0012_task-thermalactive_run-6_eeg	sub-0012	comb_subtracted	12	160	8	30.41	2.52	-9.75	-0.77000000000000002	0.99633000000000005	0.076039999999999996	2	1	1	1	0.96989999999999998	0.85389999999999999
sub-0012_task-thermalactive_run-6_eeg	sub-0012	lines_declared	11	160	15	9.5099999999999998	3.1400000000000001	-9.6899999999999995	0.040000000000000001	0.99675000000000002	0.071609999999999993	2	1	1	1	0.96989999999999998	0.90149999999999997
sub-0013_task-thermalactive_run-1_eeg	sub-0013	notching	0	75	27	36.859999999999999	0.080000000000000002	-27.989999999999998	-0.080000000000000002	0.97160000000000002	0.2366	4	0.69350000000000001	0.6895	0.746	0.61570000000000003	0.58919999999999995
sub-0013_task-thermalactive_run-1_eeg	sub-0013	notching_declared	0	75	11	29.629999999999999	-6.2000000000000002	-12.859999999999999	-6.5199999999999996	0.97577999999999998	0.21872	2	0.67820000000000003	0.76070000000000004	0.746	0.72289999999999999	0.63590000000000002
sub-0013_task-thermalactive_run-1_eeg	sub-0013	fixed_lines_only	1	75	20	7.8300000000000001	0.080000000000000002	-4.0999999999999996	0.14000000000000001	0.97214	0.23438000000000001	4	0.69350000000000001	0.6895	0.746	0.60460000000000003	0.67869999999999997
sub-0013_task-thermalactive_run-1_eeg	sub-0013	comb_subtracted	0	75	0	1.5	0.45000000000000001	-3.4399999999999999	0.33000000000000002	0.99902999999999997	0.044010000000000001	1	1	1	1	0.96409999999999996	0.98129999999999995
sub-0013_task-thermalactive_run-1_eeg	sub-0013	lines_declared	1	75	13	25.120000000000001	-4.4400000000000004	-7.6500000000000004	-6.5	0.97613000000000005	0.21718000000000001	1	0.67820000000000003	0.76070000000000004	0.746	0.71699999999999997	0.7016
sub-0013_task-thermalactive_run-2_eeg	sub-0013	notching	0	74	5	5.29	-0.32000000000000001	-10.720000000000001	0.20000000000000001	0.99926999999999999	0.038120000000000001	3	1	1	1	0.8458	0.88529999999999998
sub-0013_task-thermalactive_run-2_eeg	sub-0013	notching_declared	0	74	11	28.109999999999999	-6.5700000000000003	-12.65	-6.9199999999999999	0.98648999999999998	0.16309000000000001	3	0.67820000000000003	0.76070000000000004	0.746	0.72289999999999999	0.62809999999999999
sub-0013_task-thermalactive_run-2_eeg	sub-0013	fixed_lines_only	4	74	4	5.0099999999999998	-0.32000000000000001	-2.6699999999999999	0.25	0.99939	0.034869999999999998	2	1	1	1	0.82809999999999995	0.97929999999999995
sub-0013_task-thermalactive_run-2_eeg	sub-0013	comb_subtracted	2	74	0	1.6299999999999999	-0.32000000000000001	-2.8799999999999999	0.13	0.99936000000000003	0.035589999999999997	1	1	1	1	0.83399999999999996	0.97729999999999995
sub-0013_task-thermalactive_run-2_eeg	sub-0013	lines_declared	4	74	4	5.0099999999999998	1.03	-2.5699999999999998	0.20000000000000001	0.99968000000000001	0.025270000000000001	2	1	1	1	0.96409999999999996	0.97929999999999995
sub-0013_task-thermalactive_run-3_eeg	sub-0013	notching	0	92	22	35.159999999999997	-0.73999999999999999	-28.370000000000001	0.23999999999999999	0.98048999999999997	0.19087999999999999	3	0.69350000000000001	0.6895	0.746	0.60980000000000001	0.59960000000000002
sub-0013_task-thermalactive_run-3_eeg	sub-0013	notching_declared	0	92	8	20.129999999999999	0.17999999999999999	-17.199999999999999	0.46000000000000002	0.99911000000000005	0.040980000000000003	2	1	1	1	0.96989999999999998	0.88959999999999995
sub-0013_task-thermalactive_run-3_eeg	sub-0013	fixed_lines_only	2	92	28	11.56	-0.73999999999999999	-5.7000000000000002	0.33000000000000002	0.98075999999999997	0.18956999999999999	2	0.69350000000000001	0.6895	0.746	0.62219999999999998	0.68579999999999997
sub-0013_task-thermalactive_run-3_eeg	sub-0013	comb_subtracted	0	92	22	11.56	-0.73999999999999999	-5.46	0.17999999999999999	0.98075000000000001	0.18962999999999999	2	0.69350000000000001	0.6895	0.746	0.62219999999999998	0.69979999999999998
sub-0013_task-thermalactive_run-3_eeg	sub-0013	lines_declared	2	92	2	3.1600000000000001	0.17999999999999999	-3.71	0.40000000000000002	0.99936000000000003	0.03465	2	1	1	1	1	0.96099999999999997
sub-0013_task-thermalactive_run-4_eeg	sub-0013	notching	0	95	21	27.57	0.050000000000000003	-29.68	-0.40999999999999998	0.97563	0.20557	3	0.69350000000000001	0.6895	0.746	0.60980000000000001	0.58850000000000002
sub-0013_task-thermalactive_run-4_eeg	sub-0013	notching_declared	0	95	11	27.620000000000001	-7.1200000000000001	-28.329999999999998	-6.9800000000000004	0.97772000000000003	0.19664999999999999	2	0.67820000000000003	0.76070000000000004	0.746	0.71699999999999997	0.64770000000000005
sub-0013_task-thermalactive_run-4_eeg	sub-0013	fixed_lines_only	5	95	35	13.67	0.050000000000000003	-6.54	0.29999999999999999	0.97592999999999996	0.20430999999999999	3	0.69350000000000001	0.6895	0.746	0.62219999999999998	0.67589999999999995
sub-0013_task-thermalactive_run-4_eeg	sub-0013	comb_subtracted	4	95	28	13.67	0.050000000000000003	-6.54	0.070000000000000007	0.97587999999999997	0.20454	3	0.69350000000000001	0.6895	0.746	0.62219999999999998	0.67900000000000005
sub-0013_task-thermalactive_run-4_eeg	sub-0013	lines_declared	5	95	3	3.2000000000000002	0.19	-4.6799999999999997	0.11	0.99926999999999999	0.035729999999999998	2	1	1	1	1	0.94199999999999995
sub-0013_task-thermalactive_run-5_eeg	sub-0013	notching	0	96	14	28.390000000000001	-1.03	-13.77	0.26000000000000001	0.99858000000000002	0.045760000000000002	3	1	1	1	0.98170000000000002	0.7762
sub-0013_task-thermalactive_run-5_eeg	sub-0013	notching_declared	0	96	11	26.079999999999998	-7.7999999999999998	-13.83	-6.7400000000000002	0.96794000000000002	0.21559	2	0.67820000000000003	0.76070000000000004	0.71430000000000005	0.72030000000000005	0.59430000000000005
sub-0013_task-thermalactive_run-5_eeg	sub-0013	fixed_lines_only	3	96	12	28.02	-1.03	-6.3799999999999999	0.33000000000000002	0.99887000000000004	0.040840000000000001	2	1	1	1	1	0.8891
sub-0013_task-thermalactive_run-5_eeg	sub-0013	comb_subtracted	3	96	1	2.8799999999999999	-1.03	-6.2300000000000004	0.25	0.99880000000000002	0.042009999999999999	2	1	1	1	1	0.89129999999999998
sub-0013_task-thermalactive_run-5_eeg	sub-0013	lines_declared	3	96	6	4.5899999999999999	-1.03	-6.2000000000000002	0.48999999999999999	0.99888999999999994	0.040480000000000002	2	1	1	1	1	0.89690000000000003
sub-0013_task-thermalactive_run-6_eeg	sub-0013	notching	0	90	19	33.32	0.46000000000000002	-28.739999999999998	-0.28000000000000003	0.97868999999999995	0.17888999999999999	2	0.69350000000000001	0.6895	0.746	0.61570000000000003	0.53420000000000001
sub-0013_task-thermalactive_run-6_eeg	sub-0013	notching_declared	0	90	19	27.25	-1.3300000000000001	-27.210000000000001	-6.8799999999999999	0.98053000000000001	0.17108000000000001	2	0.67820000000000003	0.76070000000000004	0.746	0.72289999999999999	0.59030000000000005
sub-0013_task-thermalactive_run-6_eeg	sub-0013	fixed_lines_only	4	90	20	8.0999999999999996	0.46000000000000002	-6.1699999999999999	0.17999999999999999	0.97904999999999998	0.17741000000000001	2	0.69350000000000001	0.6895	0.746	0.61570000000000003	0.69220000000000004
sub-0013_task-thermalactive_run-6_eeg	sub-0013	comb_subtracted	5	90	21	8.0999999999999996	-0.90000000000000002	-6.8700000000000001	-0.089999999999999997	0.97896000000000005	0.17777000000000001	2	0.69350000000000001	0.6895	0.746	0.61050000000000004	0.68240000000000001
sub-0013_task-thermalactive_run-6_eeg	sub-0013	lines_declared	4	90	4	7.8300000000000001	1.5700000000000001	-4.3399999999999999	0.45000000000000001	0.99887999999999999	0.041209999999999997	1	1	1	1	0.98170000000000002	0.95879999999999999
sub-0014_task-thermalactive_run-1_eeg	sub-0014	notching	0	120	10	6.7599999999999998	0.40999999999999998	-28.82	0.10000000000000001	0.99877000000000005	0.045469999999999997	3	1	1	1	0.96989999999999998	0.76780000000000004
sub-0014_task-thermalactive_run-1_eeg	sub-0014	notching_declared	0	120	24	26.030000000000001	-6.9000000000000004	-29.600000000000001	-6.8600000000000003	0.98080999999999996	0.17852000000000001	2	0.67820000000000003	0.76070000000000004	0.746	0.71109999999999995	0.52680000000000005
sub-0014_task-thermalactive_run-1_eeg	sub-0014	fixed_lines_only	3	120	10	4.2999999999999998	0.40999999999999998	-6.96	0.62	0.99905999999999995	0.039730000000000001	2	1	1	1	1	0.93920000000000003
sub-0014_task-thermalactive_run-1_eeg	sub-0014	comb_subtracted	2	120	0	1.8700000000000001	0.40999999999999998	-6.8200000000000003	0.11	0.99900999999999995	0.040779999999999997	1	1	1	1	1	0.96250000000000002
sub-0014_task-thermalactive_run-1_eeg	sub-0014	lines_declared	3	120	13	5.9500000000000002	0.40999999999999998	-6.96	0.62	0.99902999999999997	0.04036	1	1	1	1	1	0.92120000000000002
sub-0014_task-thermalactive_run-2_eeg	sub-0014	notching	0	124	39	32.799999999999997	0.85999999999999999	-31.140000000000001	-0.51000000000000001	0.97602999999999995	0.19081000000000001	4	0.69350000000000001	0.6895	0.746	0.69799999999999995	0.47120000000000001
sub-0014_task-thermalactive_run-2_eeg	sub-0014	notching_declared	0	124	39	27.699999999999999	-5.9000000000000004	-31.059999999999999	-6.1299999999999999	0.97411000000000003	0.19821	2	0.67820000000000003	0.76070000000000004	0.746	0.71109999999999995	0.49540000000000001
sub-0014_task-thermalactive_run-2_eeg	sub-0014	fixed_lines_only	3	124	5	5.6500000000000004	0.85999999999999999	-6.5099999999999998	0.66000000000000003	0.99878	0.04326	2	1	1	1	1	0.9587
sub-0014_task-thermalactive_run-2_eeg	sub-0014	comb_subtracted	7	124	0	1.72	0.85999999999999999	-6.5099999999999998	0.29999999999999999	0.99868999999999997	0.044819999999999999	2	1	1	1	1	0.95450000000000002
sub-0014_task-thermalactive_run-2_eeg	sub-0014	lines_declared	3	124	8	5.6500000000000004	0.85999999999999999	-6.5099999999999998	0.64000000000000001	0.99873999999999996	0.043950000000000003	1	1	1	1	1	0.94069999999999998
sub-0014_task-thermalactive_run-3_eeg	sub-0014	notching	0	117	7	6.9299999999999997	1.6899999999999999	-28.199999999999999	0.089999999999999997	0.99858000000000002	0.0458	3	1	1	1	0.96989999999999998	0.76349999999999996
sub-0014_task-thermalactive_run-3_eeg	sub-0014	notching_declared	0	117	20	27.600000000000001	-5.1900000000000004	-29.390000000000001	-6.75	0.97968	0.17235	2	0.67820000000000003	0.76070000000000004	0.746	0.71109999999999995	0.54949999999999999
sub-0014_task-thermalactive_run-3_eeg	sub-0014	fixed_lines_only	5	117	6	6.54	1.6899999999999999	-5.6100000000000003	0.26000000000000001	0.99899000000000004	0.038519999999999999	3	1	1	1	1	0.93300000000000005
sub-0014_task-thermalactive_run-3_eeg	sub-0014	comb_subtracted	3	117	0	1.95	1.6899999999999999	-5.2699999999999996	0.23999999999999999	0.99907000000000001	0.03712	1	1	1	1	1	0.97230000000000005
sub-0014_task-thermalactive_run-3_eeg	sub-0014	lines_declared	5	117	13	27.870000000000001	-0.68999999999999995	-9.1099999999999994	-6.5700000000000003	0.98007999999999995	0.17066999999999999	2	0.67820000000000003	0.76070000000000004	0.746	0.73460000000000003	0.67959999999999998
sub-0014_task-thermalactive_run-4_eeg	sub-0014	notching	0	134	41	29.579999999999998	1.6599999999999999	-30.32	-1.02	0.97833999999999999	0.1789	4	0.69350000000000001	0.6895	0.746	0.69799999999999995	0.46160000000000001
sub-0014_task-thermalactive_run-4_eeg	sub-0014	notching_declared	0	134	40	25.350000000000001	-5.3399999999999999	-28.899999999999999	-6.71	0.97863999999999995	0.17766999999999999	2	0.67820000000000003	0.76070000000000004	0.746	0.71109999999999995	0.48520000000000002
sub-0014_task-thermalactive_run-4_eeg	sub-0014	fixed_lines_only	1	134	2	2.3599999999999999	1.6699999999999999	-5.9400000000000004	0.14000000000000001	0.99912999999999996	0.035970000000000002	1	1	1	1	1	0.95299999999999996
sub-0014_task-thermalactive_run-4_eeg	sub-0014	comb_subtracted	1	134	0	2	1.1699999999999999	-5.9100000000000001	0.080000000000000002	0.99909999999999999	0.036630000000000003	1	1	1	1	1	0.96350000000000002
sub-0014_task-thermalactive_run-4_eeg	sub-0014	lines_declared	1	134	2	2.3599999999999999	1.6699999999999999	-5.9400000000000004	0.14000000000000001	0.99912999999999996	0.035970000000000002	1	1	1	1	1	0.95299999999999996
sub-0014_task-thermalactive_run-5_eeg	sub-0014	notching	0	105	29	33.509999999999998	1.3200000000000001	-29.739999999999998	-0.46000000000000002	0.97467000000000004	0.18104999999999999	3	0.69350000000000001	0.6895	0.746	0.69799999999999995	0.48270000000000002
sub-0014_task-thermalactive_run-5_eeg	sub-0014	notching_declared	0	105	24	27.690000000000001	-5.7800000000000002	-28.789999999999999	-6.9000000000000004	0.97694000000000003	0.17285	3	0.67820000000000003	0.76070000000000004	0.746	0.71109999999999995	0.51700000000000002
sub-0014_task-thermalactive_run-5_eeg	sub-0014	fixed_lines_only	3	105	6	4.9000000000000004	1.3200000000000001	-5.2300000000000004	0.34000000000000002	0.99895	0.037100000000000001	3	1	1	1	1	0.91669999999999996
sub-0014_task-thermalactive_run-5_eeg	sub-0014	comb_subtracted	1	105	6	3.71	0.65000000000000002	-5.0099999999999998	0.23999999999999999	0.99894000000000005	0.037319999999999999	1	1	1	1	1	0.9254
sub-0014_task-thermalactive_run-5_eeg	sub-0014	lines_declared	3	105	8	16.859999999999999	1.3200000000000001	-5.3099999999999996	0.34000000000000002	0.99890999999999996	0.037810000000000003	2	1	1	1	1	0.90090000000000003
sub-0014_task-thermalactive_run-6_eeg	sub-0014	notching	0	102	31	36.969999999999999	1.48	-30.690000000000001	-0.20000000000000001	0.97629999999999995	0.16814999999999999	4	0.69350000000000001	0.6895	0.746	0.69799999999999995	0.4743
sub-0014_task-thermalactive_run-6_eeg	sub-0014	notching_declared	0	102	20	28.379999999999999	-5.1699999999999999	-29.379999999999999	-6.3499999999999996	0.97706000000000004	0.16547999999999999	2	0.67820000000000003	0.76070000000000004	0.746	0.71109999999999995	0.51590000000000003
sub-0014_task-thermalactive_run-6_eeg	sub-0014	fixed_lines_only	3	102	3	2.6699999999999999	1.49	-5.4800000000000004	0.56000000000000005	0.99872000000000005	0.039359999999999999	1	1	1	1	1	0.91069999999999995
sub-0014_task-thermalactive_run-6_eeg	sub-0014	comb_subtracted	1	102	1	2.2799999999999998	1.49	-5.2999999999999998	0.44	0.99878999999999996	0.038219999999999997	1	1	1	1	1	0.94140000000000001
sub-0014_task-thermalactive_run-6_eeg	sub-0014	lines_declared	3	102	3	2.6699999999999999	1.49	-5.4800000000000004	0.56000000000000005	0.99872000000000005	0.039359999999999999	1	1	1	1	1	0.91069999999999995
sub-0015_task-thermalactive_run-1_eeg	sub-0015	notching	0	135	38	27.07	-1.45	-29.550000000000001	-0.31	0.99485000000000001	0.099409999999999998	5	0.69350000000000001	0.6895	0.746	0.64119999999999999	0.51680000000000004
sub-0015_task-thermalactive_run-1_eeg	sub-0015	notching_declared	0	135	9	19.710000000000001	-9.2400000000000002	-28.030000000000001	-7.1600000000000001	0.99524000000000001	0.095549999999999996	3	0.67820000000000003	0.76070000000000004	0.746	0.67520000000000002	0.57630000000000003
sub-0015_task-thermalactive_run-1_eeg	sub-0015	fixed_lines_only	10	135	8	6.6100000000000003	-1.4299999999999999	-7.6799999999999997	0.11	0.99946999999999997	0.031820000000000001	1	1	1	1	0.96340000000000003	0.93500000000000005
sub-0015_task-thermalactive_run-1_eeg	sub-0015	comb_subtracted	8	135	4	3.0099999999999998	-2.4100000000000001	-7.1900000000000004	-0.070000000000000007	0.99944999999999995	0.032500000000000001	1	1	1	1	0.98170000000000002	0.94520000000000004
sub-0015_task-thermalactive_run-1_eeg	sub-0015	lines_declared	10	135	11	7.5499999999999998	-1.4299999999999999	-7.25	0.02	0.99946999999999997	0.031859999999999999	2	1	1	1	0.96340000000000003	0.90890000000000004
sub-0015_task-thermalactive_run-2_eeg	sub-0015	notching	0	122	37	40.68	0.53000000000000003	-32.140000000000001	-0.27000000000000002	0.97533999999999998	0.16986999999999999	5	0.69350000000000001	0.6895	0.746	0.62809999999999999	0.49030000000000001
sub-0015_task-thermalactive_run-2_eeg	sub-0015	notching_declared	0	122	28	28.600000000000001	-9.2400000000000002	-30.809999999999999	-6.9000000000000004	0.97750999999999999	0.16231000000000001	2	0.67820000000000003	0.76070000000000004	0.746	0.65229999999999999	0.61750000000000005
sub-0015_task-thermalactive_run-2_eeg	sub-0015	fixed_lines_only	14	122	11	8.2400000000000002	0.53000000000000003	-6.3600000000000003	0.42999999999999999	0.99721000000000004	0.057480000000000003	2	1	1	1	0.94579999999999997	0.91200000000000003
sub-0015_task-thermalactive_run-2_eeg	sub-0015	comb_subtracted	13	122	2	2.4500000000000002	-2.8500000000000001	-6.1600000000000001	0.17999999999999999	0.99697000000000002	0.059889999999999999	2	1	1	1	0.98170000000000002	0.90400000000000003
sub-0015_task-thermalactive_run-2_eeg	sub-0015	lines_declared	14	122	11	8.2400000000000002	0.53000000000000003	-6.3600000000000003	0.42999999999999999	0.99721000000000004	0.057480000000000003	2	1	1	1	0.94579999999999997	0.91200000000000003
sub-0015_task-thermalactive_run-3_eeg	sub-0015	notching	0	151	44	37.030000000000001	-1.29	-32.799999999999997	-0.41999999999999998	0.98002999999999996	0.13482	4	0.69350000000000001	0.6895	0.746	0.61760000000000004	0.49609999999999999
sub-0015_task-thermalactive_run-3_eeg	sub-0015	notching_declared	0	151	34	32.109999999999999	-8.5500000000000007	-30.800000000000001	-6.9299999999999997	0.98236000000000001	0.1268	2	0.67820000000000003	0.76070000000000004	0.746	0.64119999999999999	0.60389999999999999
sub-0015_task-thermalactive_run-3_eeg	sub-0015	fixed_lines_only	10	151	16	5.9199999999999999	-1.29	-8.25	0.070000000000000007	0.99724000000000002	0.050310000000000001	2	1	1	1	0.98170000000000002	0.92049999999999998
sub-0015_task-thermalactive_run-3_eeg	sub-0015	comb_subtracted	10	151	10	4.9000000000000004	-2.04	-8.1600000000000001	-0	0.99709999999999999	0.051619999999999999	2	1	1	1	1	0.92669999999999997
sub-0015_task-thermalactive_run-3_eeg	sub-0015	lines_declared	10	151	19	8.4900000000000002	-1.29	-8.25	0.070000000000000007	0.99721000000000004	0.050569999999999997	2	1	1	1	0.98170000000000002	0.90069999999999995
sub-0015_task-thermalactive_run-4_eeg	sub-0015	notching	0	127	21	24.879999999999999	0.82999999999999996	-29.199999999999999	0.16	0.99797999999999998	0.043200000000000002	2	1	1	1	0.91500000000000004	0.80249999999999999
sub-0015_task-thermalactive_run-4_eeg	sub-0015	notching_declared	0	127	40	25.98	-8.9600000000000009	-30.960000000000001	-6.8399999999999999	0.98365999999999998	0.12254	3	0.67820000000000003	0.76070000000000004	0.746	0.66410000000000002	0.55149999999999999
sub-0015_task-thermalactive_run-4_eeg	sub-0015	fixed_lines_only	11	127	12	7.7599999999999998	0.83999999999999997	-7.1299999999999999	0.59999999999999998	0.99826000000000004	0.040189999999999997	2	1	1	1	0.93400000000000005	0.93920000000000003
sub-0015_task-thermalactive_run-4_eeg	sub-0015	comb_subtracted	11	127	5	5.1399999999999997	-2.3199999999999998	-7.2599999999999998	-0.23000000000000001	0.99800999999999995	0.042939999999999999	2	1	1	1	0.9405	0.93700000000000006
sub-0015_task-thermalactive_run-4_eeg	sub-0015	lines_declared	11	127	12	7.7599999999999998	0.83999999999999997	-7.1500000000000004	0.40999999999999998	0.99824000000000002	0.040309999999999999	1	1	1	1	0.93400000000000005	0.93520000000000003
sub-0015_task-thermalactive_run-5_eeg	sub-0015	notching	0	148	37	35.25	-2.1400000000000001	-34.450000000000003	-0.5	0.97680999999999996	0.12441000000000001	5	0.69350000000000001	0.6895	0.746	0.61499999999999999	0.51300000000000001
sub-0015_task-thermalactive_run-5_eeg	sub-0015	notching_declared	0	148	37	26.219999999999999	-9.2599999999999998	-31.739999999999998	-7.0700000000000003	0.97782000000000002	0.12171	2	0.67820000000000003	0.76070000000000004	0.746	0.63529999999999998	0.60589999999999999
sub-0015_task-thermalactive_run-5_eeg	sub-0015	fixed_lines_only	12	148	17	6.25	-2.1400000000000001	-8.2699999999999996	0.46999999999999997	0.99765999999999999	0.039710000000000002	2	1	1	1	0.98170000000000002	0.91849999999999998
sub-0015_task-thermalactive_run-5_eeg	sub-0015	comb_subtracted	12	148	10	3.5899999999999999	-2.4300000000000002	-8.2699999999999996	-0.040000000000000001	0.99751999999999996	0.040899999999999999	2	1	1	1	1	0.91849999999999998
sub-0015_task-thermalactive_run-5_eeg	sub-0015	lines_declared	12	148	17	6.25	-2.1400000000000001	-8.2699999999999996	0.46999999999999997	0.99765999999999999	0.039710000000000002	2	1	1	1	0.98170000000000002	0.91849999999999998
sub-0015_task-thermalactive_run-6_eeg	sub-0015	notching	0	135	10	8.9399999999999995	0.78000000000000003	-28.199999999999999	-4.9400000000000004	0.99689000000000005	0.040800000000000003	3	1	1	1	0.92159999999999997	0.74460000000000004
sub-0015_task-thermalactive_run-6_eeg	sub-0015	notching_declared	0	135	42	33.93	-8.8399999999999999	-31.48	-6.7300000000000004	0.98004000000000002	0.10285	3	0.67820000000000003	0.76070000000000004	0.746	0.67579999999999996	0.5504
sub-0015_task-thermalactive_run-6_eeg	sub-0015	fixed_lines_only	7	135	11	7.9400000000000004	0.26000000000000001	-7.0300000000000002	0.51000000000000001	0.99748000000000003	0.036740000000000002	2	1	1	1	0.98170000000000002	0.94520000000000004
sub-0015_task-thermalactive_run-6_eeg	sub-0015	comb_subtracted	10	135	2	3.2000000000000002	-2.5499999999999998	-7.04	0.28999999999999998	0.99722	0.03857	2	1	1	1	1	0.92649999999999999
sub-0015_task-thermalactive_run-6_eeg	sub-0015	lines_declared	7	135	11	7.9400000000000004	0.26000000000000001	-7.0300000000000002	0.51000000000000001	0.99746000000000001	0.036839999999999998	2	1	1	1	0.98170000000000002	0.93920000000000003
